,sent10,sent11,sent12,sent13,sent14,sent15,sent16,sent17,sent18,sent19,sent110,sent111,sent112,sent113,sent114,sent115,sent116,sent117,sent118,sent119,sent120,sent121,sent122,sent123,sent124,sent125,sent126,sent127,sent128,sent129,sent130,sent131,sent132,sent133,sent134,sent135,sent136,sent137,sent138,sent139,sent140,sent141,sent142,sent143,sent144,sent145,sent146,sent147,sent148,sent149,sent150,sent151,sent152,sent153,sent154,sent155,sent156,sent157,sent158,sent159,sent160,sent161,sent162,sent163,sent164,sent165,sent166,sent167,sent168,sent169,sent170,sent171,sent172,sent173,sent174,0,1,2,3,4,5,6,7,8,9,10,11,12,13,14,15,16,17,18,19,20,21,22,23,24,25,26,27,28,29,30,31,32,33,34,35,36,37,38,39,40,41,42,43,44,45,46,47,48,49,50,51,52,53,54,55,56,57,58,59,60,61,62,63,64,65,66,67,68,69,70,71,72,73,74
0,-1,-1,-1,-1,-1,-1,-1,-1,-1,-1,-1,-1,-1,-1,-1,-1,-1,-1,-1,-1,-1,-1,-1,-1,-1,-1,-1,-1,-1,-1,-1,-1,-1,-1,-1,-1,-1,-1,-1,-1,-1,-1,-1,-1,-1,-1,-1,-1,-1,-1,-1,-1,-1,-1,-1,-1,-1,-1,-1,-1,-1,-1,-1,-1,-1,-1,-1,-1,-1,-1,-1,-1,-1,-1,-1,7.46,6.48061002786,4.91940752245,4.7095584989,4.21937837838,6.26038277512,0.0,0.0,0.0,7.73,5.61,7.27,3.33028037383,0.0,5.98705226724,6.8,7.38,5.56,2.95,6.96444444444,5.32900740008,4.54400442478,5.98,4.6405396856,6.48061002786,0.0,3.68198979592,5.19515418502,3.17,8.72,3.8,0.0,2.82,6.38677848718,4.28,5.42514717666,6.87,0.0,5.56235239587,0.0,3.68198979592,4.86144665461,5.16,0.0,0.0,0.0,5.56,0.0,6.75556560497,6.1,7.2,0.0,1.94,6.01181778395,5.92,4.14,0.0,5.53,2.95,4.71,5.48951111111,4.81120767971,8.29528089888,7.59154185022,6.11654590226,5.92,0.0,5.17142857143,6.56863731656,5.1144836272,6.85943548387,6.34,5.4,6.45286796797,5.22
1,-1,-1,-1,-1,-1,-1,-1,-1,-1,-1,-1,-1,-1,-1,-1,-1,-1,-1,-1,-1,-1,-1,-1,-1,-1,-1,-1,-1,-1,-1,-1,-1,-1,-1,-1,-1,-1,-1,-1,-1,-1,-1,-1,-1,-1,-1,-1,-1,-1,-1,-1,-1,-1,-1,-1,-1,-1,-1,-1,-1,-1,-1,-1,-1,-1,-1,-1,-1,-1,-1,-1,-1,-1,-1,-1,0.0,6.73861386139,4.67106391293,4.79881201493,5.4,7.35348066298,6.38,5.21,7.07391812865,5.46195652174,5.83,3.8,4.1025,0.0,7.00532908705,7.00318056469,4.56,3.93,4.98,3.97125,6.38,6.88216216216,2.8,0.0,6.73861386139,4.57190045249,5.39,4.95,0.0,5.3933877551,2.82,0.0,2.82,5.66994022179,4.81809371541,0.0,6.5,0.0,5.46669066111,6.21,5.39,6.1,7.15,5.5,5.0,6.38,5.23,6.38,7.2,3.65888888889,7.35552631579,4.7,5.25455197133,5.06,5.11269406393,4.89917098446,4.54161731207,5.71,3.82277227723,0.0,5.19930555556,4.98,5.12,5.92,5.08589537223,0.0,0.0,4.12,5.88085136265,5.2346,4.61391891892,5.68904988124,5.61,4.67533512064,5.21
2,-1,-1,-1,-1,-1,-1,-1,-1,-1,-1,-1,-1,-1,-1,-1,-1,-1,-1,-1,-1,-1,-1,-1,-1,-1,-1,-1,-1,-1,-1,-1,-1,-1,-1,-1,-1,-1,-1,-1,-1,-1,-1,-1,-1,-1,-1,-1,-1,-1,-1,-1,-1,-1,-1,-1,-1,-1,-1,-1,-1,-1,-1,-1,-1,-1,-1,-1,-1,-1,-1,-1,-1,-1,-1,-1,6.73,6.48061002786,5.64857894737,0.0,4.53,6.58744186047,6.10393668634,6.71212034384,5.37816546763,0.0,7.38556521739,0.0,4.42144829502,0.0,0.0,4.71,4.95407729914,4.7,0.0,5.99787498014,5.42,4.43828054299,5.98,3.59,6.48061002786,6.2514953271,5.22,6.32485941716,3.17,4.09,3.22,5.19367679803,5.28,4.21060910704,4.02,0.0,5.61,5.06464179382,5.53,6.61,5.22,3.98267317351,2.95,6.77498783455,4.35723577236,5.39,5.69,5.03664516129,6.1,2.82,0.0,0.0,5.21672268908,5.17287615279,0.0,5.32063106796,6.02384044527,5.92,5.6729587156,6.75359649123,4.86235069886,0.0,7.38,5.75527446301,5.83964713984,0.0,0.0,5.14782608696,5.92206569275,5.1144836272,0.0,5.92,5.31,5.28356281557,0.0
3,-1,-1,-1,-1,-1,-1,-1,-1,-1,-1,-1,-1,-1,-1,-1,-1,-1,-1,-1,-1,-1,-1,-1,-1,-1,-1,-1,-1,-1,-1,-1,-1,-1,-1,-1,-1,-1,-1,-1,-1,-1,-1,-1,-1,-1,-1,-1,-1,-1,-1,-1,-1,-1,-1,-1,-1,-1,-1,-1,-1,-1,-1,-1,-1,-1,-1,-1,-1,-1,-1,-1,-1,-1,-1,-1,4.77,5.4,5.8,5.18654882306,4.82060665362,5.90202453988,6.83072727273,0.0,0.0,0.0,3.50504587156,0.0,8.22,0.0,4.69,6.06205855716,5.88452736318,7.05,2.82,5.88545064378,0.0,4.45185764745,0.0,5.55,5.4,3.94233480176,3.17,5.4,8.04464788732,5.65,6.78658119658,6.19991486018,6.07,5.88033840572,4.02,5.42514717666,6.61523281596,5.41794573643,5.91752715224,5.22,3.17,6.19360902256,5.71,5.5,6.58564853556,5.30847250509,4.48106329114,5.78,6.38,4.20477966102,4.7,0.0,5.47956521739,0.0,4.7,3.0301025641,6.30518796992,5.58948275862,2.95,0.0,3.76486175115,3.82,2.41,5.64,0.0,5.0137254902,6.78,5.87322851153,2.78,0.0,4.22942857143,4.56846562073,0.0,0.0,5.11
4,-1,-1,-1,-1,-1,-1,-1,-1,-1,-1,-1,-1,-1,-1,-1,-1,-1,-1,-1,-1,-1,-1,-1,-1,-1,-1,-1,-1,-1,-1,-1,-1,-1,-1,-1,-1,-1,-1,-1,-1,-1,-1,-1,-1,-1,-1,-1,-1,-1,-1,-1,-1,-1,-1,-1,-1,-1,-1,-1,-1,-1,-1,-1,-1,-1,-1,-1,-1,-1,-1,-1,-1,-1,-1,-1,5.26,7.38,5.31,3.43,4.65786447639,6.44828025478,4.95,6.71212034384,4.7,4.07,7.20201753201,7.27,3.59544068771,0.0,0.0,7.40242165242,7.38,5.51024282561,5.28068181818,3.5226744186,4.05,0.0,5.87053278689,6.5,7.38,6.38,0.0,6.25412698413,0.0,8.11314516129,5.21991471215,4.05,2.64,6.09351014041,4.56,0.0,4.53,5.92,5.91752715224,5.34950065457,0.0,5.97,7.41828254848,3.78,6.58564853556,-1.0,5.76,5.56,5.83091266075,6.0,7.2,4.7,0.0,0.0,4.7,6.19617886179,5.85,4.5035059761,5.0,4.03326876513,3.83488017429,4.23972665148,6.45637096774,5.72725490196,6.09797783934,0.0,4.28,5.12,6.0,0.0,5.53,5.31,0.0,4.44261904762,3.05
5,-1,-1,-1,-1,-1,-1,-1,-1,-1,-1,-1,-1,-1,-1,-1,-1,-1,-1,-1,-1,-1,-1,-1,-1,-1,-1,-1,-1,-1,-1,-1,-1,-1,-1,-1,-1,-1,-1,-1,-1,-1,-1,-1,-1,-1,-1,-1,-1,-1,-1,-1,-1,-1,-1,-1,-1,-1,-1,-1,-1,-1,-1,-1,-1,-1,-1,-1,-1,-1,-1,-1,-1,-1,-1,-1,7.46,5.16,6.5,4.75,4.02,6.1,5.89320980342,0.0,0.0,5.76611556046,6.38,3.8,6.36982669599,0.0,5.0,7.2,5.62925,0.0,0.0,6.02619370664,0.0,5.26,0.0,3.59,5.16,6.38,4.90306542056,6.57,7.37,2.13,5.04528,6.02748716159,4.03446808511,5.56793621141,6.20209657325,0.0,0.0,5.29662251656,6.34,6.29221579961,4.90306542056,6.34,0.0,5.98,0.0,-1.0,5.76,0.0,5.81192488263,4.29629213483,5.11,6.08185096154,5.51220779221,0.0,4.7,4.25687664042,3.56570680628,6.1,7.15,0.0,4.49675057208,6.8,4.35331868132,0.0,4.95,0.0,4.65847583643,4.95,5.50001045869,3.82,0.0,5.71,5.0945,4.83,5.33498969072
6,-1,-1,-1,-1,-1,-1,-1,-1,-1,-1,-1,-1,-1,-1,-1,-1,-1,-1,-1,-1,-1,-1,-1,-1,-1,-1,-1,-1,-1,-1,-1,-1,-1,-1,-1,-1,-1,-1,-1,-1,-1,-1,-1,-1,-1,-1,-1,-1,-1,-1,-1,-1,-1,-1,-1,-1,-1,-1,-1,-1,-1,-1,-1,-1,-1,-1,-1,-1,-1,-1,-1,-1,-1,-1,-1,0.0,6.48061002786,5.40055888224,0.0,5.45035009326,5.62890063425,3.76,5.21,0.0,0.0,5.87049429658,0.0,3.94873857848,0.0,4.25,5.11,5.85050847458,5.2069010989,5.62,7.27516049383,5.0,5.26,6.49680064852,3.59,6.48061002786,2.82,7.37,5.33368653422,6.16,7.55,5.17371180499,5.55231998081,5.81248447205,6.83979591837,4.02,4.41,5.79725995316,6.11373320303,0.0,7.17,7.37,5.20119670747,7.41828254848,0.0,6.22,-1.0,0.0,0.0,5.27087304014,4.07,0.0,0.0,0.0,4.28,0.0,8.36198473282,6.43899224806,5.0,2.93,0.0,4.69,5.12711835334,5.61940149626,7.13606663084,6.95,0.0,4.23233830846,4.05,0.0,5.78737327189,5.286367713,0.0,6.38848888889,0.0,5.86
7,-1,-1,-1,-1,-1,-1,-1,-1,-1,-1,-1,-1,-1,-1,-1,-1,-1,-1,-1,-1,-1,-1,-1,-1,-1,-1,-1,-1,-1,-1,-1,-1,-1,-1,-1,-1,-1,-1,-1,-1,-1,-1,-1,-1,-1,-1,-1,-1,-1,-1,-1,-1,-1,-1,-1,-1,-1,-1,-1,-1,-1,-1,-1,-1,-1,-1,-1,-1,-1,-1,-1,-1,-1,-1,-1,6.73,6.03930715935,4.77,4.66592790387,4.7,5.55,5.286367713,6.71212034384,6.61930434783,0.0,6.38,5.92,4.37964365256,0.0,4.69,7.37,5.12,4.33588118812,5.23,0.0,5.18773313116,4.4906629955,6.21,3.63329355609,6.03930715935,7.38,2.79,5.4,0.0,0.0,8.72,0.0,5.12,4.41222222222,4.02,4.41,6.87,0.0,5.55802262666,7.17,2.79,5.92743455497,5.16,0.0,5.55407894737,-1.0,6.33080614203,0.0,4.34448717949,4.20477966102,0.0,4.25,1.94,5.90414903631,6.77,5.83615012107,0.0,5.04731798826,4.91968986286,4.67248971193,5.91699699928,3.15,0.0,0.0,5.47881987578,5.91994791667,4.7682296842,4.05,7.55,6.66,5.286367713,4.75,5.73275720165,5.48948969519,4.56
8,-1,-1,-1,-1,-1,-1,-1,-1,-1,-1,-1,-1,-1,-1,-1,-1,-1,-1,-1,-1,-1,-1,-1,-1,-1,-1,-1,-1,-1,-1,-1,-1,-1,-1,-1,-1,-1,-1,-1,-1,-1,-1,-1,-1,-1,-1,-1,-1,-1,-1,-1,-1,-1,-1,-1,-1,-1,-1,-1,-1,-1,-1,-1,-1,-1,-1,-1,-1,-1,-1,-1,-1,-1,-1,-1,5.63,6.48061002786,4.77,5.32,7.54,0.0,5.71,0.0,5.63,6.4842101227,6.14651515152,5.31,0.0,5.4075147929,0.0,7.08,4.83897674419,6.59415525114,5.62,6.34,3.86,6.66233668342,3.15,3.59,6.48061002786,6.38,4.12,5.4,0.0,5.08,2.79,0.0,0.0,6.40251037344,7.45,0.0,6.5,0.0,6.00461538462,7.17,4.12,4.26871866295,7.15,6.39,5.0,-1.0,0.0,7.39,6.21,4.93,0.0,5.39,5.25455197133,0.0,5.16,7.02929155313,5.20997995992,0.0,4.52843555681,3.8045983762,5.27215869369,5.73828235294,0.0,7.91,7.35,5.56,0.0,6.08185096154,5.60499829266,6.18,5.0,7.20645070423,7.1,0.0,5.43065857886
9,-1,-1,-1,-1,-1,-1,-1,-1,-1,-1,-1,-1,-1,-1,-1,-1,-1,-1,-1,-1,-1,-1,-1,-1,-1,-1,-1,-1,-1,-1,-1,-1,-1,-1,-1,-1,-1,-1,-1,-1,-1,-1,-1,-1,-1,-1,-1,-1,-1,-1,-1,-1,-1,-1,-1,-1,-1,-1,-1,-1,-1,-1,-1,-1,-1,-1,-1,-1,-1,-1,-1,-1,-1,-1,-1,5.53,3.59,4.91940752245,0.0,4.78119047619,7.25,0.0,0.0,-1.0,5.29312553188,4.59595271348,6.44,3.43616510823,6.15125531915,0.0,5.43,5.80647058824,7.38,2.78,6.34,0.0,6.66233668342,5.69,3.59,3.59,8.72,3.83303797468,5.4,6.21,5.08,0.0,6.68839779006,5.83,6.38677848718,5.23793697012,0.0,5.61,0.0,6.64086956522,4.71355179704,3.83303797468,4.17,2.95,3.78,5.0,-1.0,6.1,6.1,0.0,0.0,7.2,6.0,5.21672268908,7.38,3.22354180339,5.4075147929,4.10058690745,5.92,5.38713527851,8.72,0.0,5.9077755102,4.7234751773,0.0,5.1381,5.40465250965,0.0,4.07,5.71,6.0,4.19,4.84320392676,5.54920588444,6.18972495088,6.7441943734
10,-1,-1,-1,-1,-1,-1,-1,-1,-1,-1,-1,-1,-1,-1,-1,-1,-1,-1,-1,-1,-1,-1,-1,-1,-1,-1,-1,-1,-1,-1,-1,-1,-1,-1,-1,-1,-1,-1,-1,-1,-1,-1,-1,-1,-1,-1,-1,-1,-1,-1,-1,-1,-1,-1,-1,-1,-1,-1,-1,-1,-1,-1,-1,-1,-1,-1,-1,-1,-1,-1,-1,-1,-1,-1,-1,5.87556542612,5.49021857923,3.85812652068,0.0,6.33,5.45046092184,0.0,6.71212034384,-1.0,0.0,5.65238629605,4.99594594595,6.24030769231,5.4075147929,5.0,6.45160550459,4.4704,6.34,0.0,6.34,0.0,4.54400442478,5.0,4.18812933025,5.49021857923,5.85,4.0,5.4,0.0,8.72,5.31,6.41821182118,4.91121065375,5.90108585859,7.38,5.81206703911,5.56800383877,6.92658959538,0.0,0.0,4.0,6.5,5.71,5.92,4.35723577236,-1.0,5.16,0.0,0.0,0.0,7.2,0.0,5.47956521739,6.41,6.77,4.52843555681,6.70651716769,5.71,0.0,4.71,3.80736616702,0.0,6.95,5.33498969072,5.67,0.0,5.47348894349,0.0,2.82,5.5724120603,4.19,4.44261904762,4.00095652174,6.18530927835,8.72
11,-1,-1,-1,-1,-1,-1,-1,-1,-1,-1,-1,-1,-1,-1,-1,-1,-1,-1,-1,-1,-1,-1,-1,-1,-1,-1,-1,-1,-1,-1,-1,-1,-1,-1,-1,-1,-1,-1,-1,-1,-1,-1,-1,-1,-1,-1,-1,-1,-1,-1,-1,-1,-1,-1,-1,-1,-1,-1,-1,-1,-1,-1,-1,-1,-1,-1,-1,-1,-1,-1,-1,-1,-1,-1,-1,5.79818022927,6.73861386139,0.0,3.93,6.1,4.88022129654,2.93,0.0,-1.0,0.0,4.59595271348,7.27,3.67687960688,4.33515518964,0.0,7.40242165242,6.86818941504,4.95,5.62,6.143125,7.1,5.0753112692,5.0,0.0,6.73861386139,0.0,5.78521126761,5.19515418502,3.17,7.45,3.05,0.0,0.0,5.35632277858,7.38,0.0,6.21008783947,3.76,-1.0,7.91,5.78521126761,6.85,7.41828254848,0.0,6.58564853556,-1.0,7.47,6.38,6.96367717617,6.0,7.35552631579,0.0,5.51220779221,0.0,5.16,4.7,6.23599968239,7.55,6.13263736264,5.3,0.0,5.98,0.0,4.75,7.35,6.02,0.0,0.0,4.78962063726,5.1144836272,0.0,3.78,0.0,5.82414893617,6.38
12,-1,-1,-1,-1,-1,-1,-1,-1,-1,-1,-1,-1,-1,-1,-1,-1,-1,-1,-1,-1,-1,-1,-1,-1,-1,-1,-1,-1,-1,-1,-1,-1,-1,-1,-1,-1,-1,-1,-1,-1,-1,-1,-1,-1,-1,-1,-1,-1,-1,-1,-1,-1,-1,-1,-1,-1,-1,-1,-1,-1,-1,-1,-1,-1,-1,-1,-1,-1,-1,-1,-1,-1,-1,-1,-1,5.87556542612,7.38,3.75,4.83191489362,5.16,4.48545797957,0.0,6.76807106599,-1.0,5.16,7.50203592814,6.41467180216,4.94671968191,0.0,5.71368825763,0.0,7.38,0.0,7.38,5.00816047823,3.62096153846,4.4,5.0,4.837858473,7.38,4.85075806316,0.0,5.19515418502,0.0,8.11314516129,4.87446195708,4.86,5.71534482759,5.21424295775,0.0,0.0,5.88280276817,0.0,-1.0,6.79496774194,0.0,5.75276872964,0.0,3.78,6.58564853556,-1.0,5.16,0.0,0.0,6.1,0.0,5.28,0.0,0.0,3.22354180339,4.54595330739,0.0,6.0,6.13263736264,6.03,5.39,6.19411160162,6.24291161909,8.36198473282,7.25,6.02,0.0,4.95,0.0,5.2346,5.62,7.38,5.0945,6.77275229358,4.43991304348
13,-1,-1,-1,-1,-1,-1,-1,-1,-1,-1,-1,-1,-1,-1,-1,-1,-1,-1,-1,-1,-1,-1,-1,-1,-1,-1,-1,-1,-1,-1,-1,-1,-1,-1,-1,-1,-1,-1,-1,-1,-1,-1,-1,-1,-1,-1,-1,-1,-1,-1,-1,-1,-1,-1,-1,-1,-1,-1,-1,-1,-1,-1,-1,-1,-1,-1,-1,-1,-1,-1,-1,-1,-1,-1,-1,4.00095652174,5.16,0.0,3.43,4.28,0.0,5.51171052632,5.60362432759,-1.0,3.32163934426,7.15430972148,3.7,4.01257918552,0.0,4.81798755187,5.87156962025,4.56,4.7,0.0,6.22,7.1,3.7,5.0,4.80625766871,5.16,6.38,6.49212924606,5.4,4.68170124481,6.57,0.0,7.17,4.69,0.0,0.0,5.81206703911,7.88,0.0,-1.0,5.38830010139,6.49212924606,0.0,7.41828254848,5.98,0.0,-1.0,5.11269406393,6.0,5.81312,3.33,4.7,0.0,6.18091741013,4.28,4.54173033708,4.64697892272,3.6060385439,4.86144665461,0.0,0.0,4.30730769231,1.93728971963,8.29528089888,6.94671936759,0.0,0.0,4.90481561822,0.0,4.44261904762,6.15738541461,4.77,7.38,6.38848888889,5.73,5.33498969072
14,-1,-1,-1,-1,-1,-1,-1,-1,-1,-1,-1,-1,-1,-1,-1,-1,-1,-1,-1,-1,-1,-1,-1,-1,-1,-1,-1,-1,-1,-1,-1,-1,-1,-1,-1,-1,-1,-1,-1,-1,-1,-1,-1,-1,-1,-1,-1,-1,-1,-1,-1,-1,-1,-1,-1,-1,-1,-1,-1,-1,-1,-1,-1,-1,-1,-1,-1,-1,-1,-1,-1,-1,-1,-1,-1,7.25,6.48061002786,4.40262991191,4.75,4.23762711864,4.02,0.0,1.9,-1.0,0.0,5.61,7.04,5.42412073491,4.68499022798,4.95,6.541875,4.7809666227,6.157593361,5.62,5.74043430138,5.33375,0.0,5.0,3.63329355609,6.48061002786,6.38,6.30758293839,5.4,4.1,7.10144654088,7.92849673203,5.71,2.64,0.0,0.0,5.42514717666,4.95847988077,5.31,-1.0,5.38830010139,6.30758293839,6.38,0.0,0.0,6.22,-1.0,7.35,0.0,5.17974293059,6.26,7.2,0.0,6.18091741013,4.56,5.60340966921,7.38,5.46208493083,4.5035059761,5.0,0.0,0.0,0.0,6.31104368932,0.0,6.11654590226,5.0,0.0,4.50385579937,0.0,5.94684210526,4.05,7.38,5.61,7.35,5.86
15,-1,-1,-1,-1,-1,-1,-1,-1,-1,-1,-1,-1,-1,-1,-1,-1,-1,-1,-1,-1,-1,-1,-1,-1,-1,-1,-1,-1,-1,-1,-1,-1,-1,-1,-1,-1,-1,-1,-1,-1,-1,-1,-1,-1,-1,-1,-1,-1,-1,-1,-1,-1,-1,-1,-1,-1,-1,-1,-1,-1,-1,-1,-1,-1,-1,-1,-1,-1,-1,-1,-1,-1,-1,-1,-1,0.0,6.03930715935,4.77,0.0,2.96,4.02,0.0,5.12617915905,-1.0,0.0,5.83,5.31,5.17857029244,7.38,5.59830769231,6.541875,5.12,6.23302432522,5.62,2.8,4.43421843385,5.26,0.0,3.59,6.03930715935,2.82,3.86935698448,-1.0,0.0,0.0,2.79,6.22,4.57237668161,5.83985358424,6.31326901249,5.5,4.28,6.15546365915,-1.0,7.17,3.86935698448,0.0,0.0,2.82,5.55407894737,-1.0,0.0,7.04,4.34830097087,0.0,5.11,0.0,5.75230713425,5.72688925045,4.54173033708,3.15,0.0,6.1,5.37397058824,5.88321212121,5.90809659091,4.0206870229,3.22,7.91,4.85181434599,3.82,4.98,5.17868852459,5.50001045869,5.98,5.62,7.38,5.35252851998,6.2259137577,4.56
16,-1,-1,-1,-1,-1,-1,-1,-1,-1,-1,-1,-1,-1,-1,-1,-1,-1,-1,-1,-1,-1,-1,-1,-1,-1,-1,-1,-1,-1,-1,-1,-1,-1,-1,-1,-1,-1,-1,-1,-1,-1,-1,-1,-1,-1,-1,-1,-1,-1,-1,-1,-1,-1,-1,-1,-1,-1,-1,-1,-1,-1,-1,-1,-1,-1,-1,-1,-1,-1,-1,-1,-1,-1,-1,-1,4.00095652174,6.03930715935,4.77,4.66592790387,3.39142857143,5.52997933884,2.82,0.0,-1.0,5.81048913043,6.49080718261,6.44,4.3,4.9990634378,5.11,6.541875,4.83897674419,7.01573459716,5.23,3.5226744186,5.98,5.26,0.0,3.59,6.03930715935,3.22,4.78052188532,-1.0,7.37,5.08,0.0,0.0,4.3,7.39,6.13570938319,5.32,4.53,6.78351364778,-1.0,7.17,4.78052188532,7.38,7.41828254848,3.78,0.0,-1.0,0.0,6.1,5.39,0.0,0.0,8.23538461538,5.75230713425,0.0,5.60340966921,6.18576623377,7.36762711864,5.0,0.0,0.0,4.60908141962,6.78204379562,2.41,0.0,6.72955773956,5.35548401115,4.59,5.05141700405,0.0,5.1144836272,0.0,0.0,5.61,6.95,6.0
17,-1,-1,-1,-1,-1,-1,-1,-1,-1,-1,-1,-1,-1,-1,-1,-1,-1,-1,-1,-1,-1,-1,-1,-1,-1,-1,-1,-1,-1,-1,-1,-1,-1,-1,-1,-1,-1,-1,-1,-1,-1,-1,-1,-1,-1,-1,-1,-1,-1,-1,-1,-1,-1,-1,-1,-1,-1,-1,-1,-1,-1,-1,-1,-1,-1,-1,-1,-1,-1,-1,-1,-1,-1,-1,-1,7.25,6.48061002786,4.77,4.66592790387,5.17,4.35,4.95,5.02722610723,-1.0,5.92,0.0,4.99594594595,6.07,0.0,5.11,6.541875,5.80647058824,5.2069010989,5.62,6.02619370664,4.75,4.4906629955,5.26,1.56,6.48061002786,6.38,5.62788875815,-1.0,6.16,5.08,7.92849673203,6.22,5.11,5.62353219393,5.9089859575,5.22750524109,0.0,0.0,-1.0,7.17,5.62788875815,0.0,0.0,5.98,0.0,-1.0,0.0,6.1,5.81192488263,4.93,0.0,8.23538461538,6.18091741013,0.0,-1.0,8.36198473282,4.7,5.04731798826,5.35758029979,3.48049337272,6.21,5.5243324937,0.0,5.33498969072,7.45,0.0,4.23233830846,4.18651982379,7.55,5.78737327189,3.22,4.19529157667,6.94671936759,5.47026217228,0.0
18,-1,-1,-1,-1,-1,-1,-1,-1,-1,-1,-1,-1,-1,-1,-1,-1,-1,-1,-1,-1,-1,-1,-1,-1,-1,-1,-1,-1,-1,-1,-1,-1,-1,-1,-1,-1,-1,-1,-1,-1,-1,-1,-1,-1,-1,-1,-1,-1,-1,-1,-1,-1,-1,-1,-1,-1,-1,-1,-1,-1,-1,-1,-1,-1,-1,-1,-1,-1,-1,-1,-1,-1,-1,-1,-1,7.38,4.41,4.77,0.0,3.17,3.78,5.0,0.0,-1.0,6.2238961039,6.51,4.12331501832,5.73692307692,0.0,0.0,6.541875,4.4704,4.33588118812,0.0,5.94770936163,0.0,6.66233668342,-1.0,3.59,4.41,8.72,6.51083591331,-1.0,0.0,5.08,2.79,0.0,6.77766314712,5.26,3.39,6.5,0.0,7.26,-1.0,4.71355179704,6.51083591331,3.82,7.41828254848,0.0,5.39,-1.0,0.0,6.1,5.27087304014,0.0,0.0,0.0,6.18091741013,0.0,-1.0,5.83615012107,5.07301518438,0.0,4.41814486712,6.34,6.67799435028,4.58,4.7234751773,6.39,7.45,4.1325,4.7682296842,5.1,5.60499829266,5.48883217736,5.39,3.34,5.61,0.0,0.0
19,-1,-1,-1,-1,-1,-1,-1,-1,-1,-1,-1,-1,-1,-1,-1,-1,-1,-1,-1,-1,-1,-1,-1,-1,-1,-1,-1,-1,-1,-1,-1,-1,-1,-1,-1,-1,-1,-1,-1,-1,-1,-1,-1,-1,-1,-1,-1,-1,-1,-1,-1,-1,-1,-1,-1,-1,-1,-1,-1,-1,-1,-1,-1,-1,-1,-1,-1,-1,-1,-1,-1,-1,-1,-1,-1,4.56,4.41,0.0,0.0,5.04905263158,4.71,5.18208416834,4.15995616272,-1.0,6.07025125628,6.38,4.35335092348,7.38,5.4075147929,0.0,6.541875,6.86818941504,6.38,5.44,0.0,0.0,6.66233668342,-1.0,3.59,4.41,5.85,5.62788875815,-1.0,3.83,4.89288356778,0.0,6.5,6.0,0.0,4.95,4.74736842105,0.0,2.64,-1.0,7.17,5.62788875815,4.42487334144,6.0,0.0,5.39,-1.0,6.38,6.1,4.32,0.0,7.2,5.67,5.75230713425,4.28,-1.0,7.02929155313,2.82,5.86727178356,5.0,8.72,6.5,0.0,6.95,0.0,7.35,5.75539335935,0.0,6.78204379562,5.71,6.18,5.5,5.57,6.03975609756,0.0,0.0
20,-1,-1,-1,-1,-1,-1,-1,-1,-1,-1,-1,-1,-1,-1,-1,-1,-1,-1,-1,-1,-1,-1,-1,-1,-1,-1,-1,-1,-1,-1,-1,-1,-1,-1,-1,-1,-1,-1,-1,-1,-1,-1,-1,-1,-1,-1,-1,-1,-1,-1,-1,-1,-1,-1,-1,-1,-1,-1,-1,-1,-1,-1,-1,-1,-1,-1,-1,-1,-1,-1,-1,-1,-1,-1,-1,5.76269830152,-1.0,0.0,5.34552521008,5.82211764706,5.87,5.89963829787,0.0,-1.0,5.50042328042,5.87049429658,4.56721603563,5.20640205543,6.15125531915,0.0,6.541875,7.47,7.38,4.406425,6.34,7.73,7.38,-1.0,0.0,-1.0,6.1,8.1,-1.0,6.29221579961,4.31051674441,2.79,0.0,5.81248447205,7.88,4.60033557047,5.96981176471,6.0,7.38,-1.0,7.17,8.1,5.08,5.71,0.0,5.39,-1.0,6.1,0.0,6.21,6.0,4.58595330739,6.0,6.63903807615,0.0,-1.0,5.43,6.70651716769,0.0,0.0,5.16,3.55884368308,5.98,0.0,6.39,5.1381,5.12,0.0,3.64,5.71,6.0,5.53,0.0,3.76935828877,6.45286796797,4.69
21,-1,-1,-1,-1,-1,-1,-1,-1,-1,-1,-1,-1,-1,-1,-1,-1,-1,-1,-1,-1,-1,-1,-1,-1,-1,-1,-1,-1,-1,-1,-1,-1,-1,-1,-1,-1,-1,-1,-1,-1,-1,-1,-1,-1,-1,-1,-1,-1,-1,-1,-1,-1,-1,-1,-1,-1,-1,-1,-1,-1,-1,-1,-1,-1,-1,-1,-1,-1,-1,-1,-1,-1,-1,-1,-1,6.87473537604,-1.0,0.0,5.99319049665,0.0,4.74287474333,0.0,5.21,-1.0,6.50944099379,6.38,4.82,5.45708234283,5.4075147929,6.0,-1.0,7.38,6.25627906977,0.0,6.34,7.39,0.0,-1.0,3.59,-1.0,5.56823582551,6.0,-1.0,0.0,0.0,0.0,6.76,6.0,7.88,4.60033557047,6.47153711335,6.73,7.26,-1.0,7.17,6.0,5.62472340426,5.02930693069,6.0,0.0,-1.0,5.97949656751,0.0,0.0,0.0,4.19,0.0,6.0,5.4,-1.0,4.52843555681,5.29200747395,8.72,6.13263736264,5.43470588235,3.8,4.58329588015,0.0,6.39,5.67,5.78863849765,5.16,6.34,6.38,6.0,0.0,0.0,4.07,4.67533512064,6.0
22,-1,-1,-1,-1,-1,-1,-1,-1,-1,-1,-1,-1,-1,-1,-1,-1,-1,-1,-1,-1,-1,-1,-1,-1,-1,-1,-1,-1,-1,-1,-1,-1,-1,-1,-1,-1,-1,-1,-1,-1,-1,-1,-1,-1,-1,-1,-1,-1,-1,-1,-1,-1,-1,-1,-1,-1,-1,-1,-1,-1,-1,-1,-1,-1,-1,-1,-1,-1,-1,-1,-1,-1,-1,-1,-1,0.0,-1.0,0.0,5.99319049665,0.0,5.11,5.71,5.13,-1.0,0.0,6.38,6.95,5.48597570595,4.33515518964,0.0,-1.0,4.56,6.0,4.69,6.34,8.72,4.49130495659,-1.0,3.59,-1.0,5.75376942458,-1.0,-1.0,0.0,-1.0,5.65179723502,0.0,5.81248447205,0.0,4.22439121756,0.0,0.0,2.64,-1.0,4.71355179704,-1.0,4.26871866295,-1.0,6.0,-1.0,-1.0,5.76,0.0,4.32,0.0,3.84133949192,0.0,1.94,-1.0,-1.0,7.17,0.0,7.38,6.13263736264,0.0,4.16016276704,1.93728971963,6.24291161909,6.20968712058,7.35,6.1,5.0,0.0,5.03268909156,6.03,5.286367713,7.38,6.38874125874,6.02045977011,0.0
23,-1,-1,-1,-1,-1,-1,-1,-1,-1,-1,-1,-1,-1,-1,-1,-1,-1,-1,-1,-1,-1,-1,-1,-1,-1,-1,-1,-1,-1,-1,-1,-1,-1,-1,-1,-1,-1,-1,-1,-1,-1,-1,-1,-1,-1,-1,-1,-1,-1,-1,-1,-1,-1,-1,-1,-1,-1,-1,-1,-1,-1,-1,-1,-1,-1,-1,-1,-1,-1,-1,-1,-1,-1,-1,-1,5.87556542612,-1.0,4.11172839506,5.02952380952,0.0,0.0,6.0,0.0,-1.0,0.0,4.59595271348,0.0,4.55533333333,0.0,0.0,-1.0,4.7809666227,5.56,4.69,6.143125,5.2318115942,4.49130495659,-1.0,6.5,-1.0,6.38,-1.0,-1.0,0.0,-1.0,7.81160305344,5.4695049505,4.07,7.88,3.47516709512,0.0,0.0,7.38,-1.0,4.71355179704,-1.0,0.0,-1.0,6.0,-1.0,-1.0,5.76,0.0,5.80941414141,0.0,0.0,4.98,5.25455197133,-1.0,-1.0,6.1,5.0,4.91163064833,7.10144654088,8.72,5.3,1.93728971963,4.79231557377,6.39,7.25,0.0,4.7682296842,6.1,4.60355801305,6.03,6.38,7.38,0.0,6.39536585366,0.0
24,-1,-1,-1,-1,-1,-1,-1,-1,-1,-1,-1,-1,-1,-1,-1,-1,-1,-1,-1,-1,-1,-1,-1,-1,-1,-1,-1,-1,-1,-1,-1,-1,-1,-1,-1,-1,-1,-1,-1,-1,-1,-1,-1,-1,-1,-1,-1,-1,-1,-1,-1,-1,-1,-1,-1,-1,-1,-1,-1,-1,-1,-1,-1,-1,-1,-1,-1,-1,-1,-1,-1,-1,-1,-1,-1,5.79818022927,-1.0,4.87543046358,5.99319049665,7.17,4.72179232848,6.0,5.92,-1.0,6.5795329087,5.65238629605,1.9,3.43616510823,0.0,0.0,-1.0,5.88452736318,3.93,4.406425,8.46058323208,4.34705882353,4.49130495659,-1.0,3.59,-1.0,8.72,-1.0,-1.0,0.0,-1.0,5.32,5.71,-1.0,0.0,5.29559055118,5.81206703911,0.0,7.27,-1.0,6.61,-1.0,4.17,-1.0,0.0,-1.0,-1.0,0.0,-1.0,4.32,-1.0,0.0,6.0,0.0,-1.0,-1.0,4.50069767442,0.0,5.38218309859,6.68,7.92171232877,5.62,-1.0,3.82,7.91,0.0,0.0,0.0,5.40209115282,4.28,5.94056680162,5.62,7.38,6.38848888889,0.0,6.78
25,-1,-1,-1,-1,-1,-1,-1,-1,-1,-1,-1,-1,-1,-1,-1,-1,-1,-1,-1,-1,-1,-1,-1,-1,-1,-1,-1,-1,-1,-1,-1,-1,-1,-1,-1,-1,-1,-1,-1,-1,-1,-1,-1,-1,-1,-1,-1,-1,-1,-1,-1,-1,-1,-1,-1,-1,-1,-1,-1,-1,-1,-1,-1,-1,-1,-1,-1,-1,-1,-1,-1,-1,-1,-1,-1,5.87556542612,-1.0,4.49122547611,-1.0,6.53579775281,5.97497617251,0.0,0.0,-1.0,0.0,4.59595271348,4.56721603563,6.24030769231,-1.0,7.56097253028,-1.0,-1.0,-1.0,2.95,8.46058323208,3.86,4.91342105263,-1.0,3.59,-1.0,5.85,-1.0,-1.0,5.12368217054,-1.0,7.81160305344,6.22,-1.0,7.88,5.50744186047,0.0,6.0,0.0,-1.0,-1.0,-1.0,6.5,-1.0,0.0,-1.0,-1.0,6.33080614203,-1.0,6.52596201425,-1.0,7.2,0.0,-1.0,-1.0,-1.0,-1.0,3.6060385439,0.0,4.03814814815,4.95101408451,4.62327402135,-1.0,3.93,0.0,5.35632277858,4.45394495413,0.0,6.76306345733,0.0,4.7,4.77,7.38,5.0945,6.18972495088,0.0
26,-1,-1,-1,-1,-1,-1,-1,-1,-1,-1,-1,-1,-1,-1,-1,-1,-1,-1,-1,-1,-1,-1,-1,-1,-1,-1,-1,-1,-1,-1,-1,-1,-1,-1,-1,-1,-1,-1,-1,-1,-1,-1,-1,-1,-1,-1,-1,-1,-1,-1,-1,-1,-1,-1,-1,-1,-1,-1,-1,-1,-1,-1,-1,-1,-1,-1,-1,-1,-1,-1,-1,-1,-1,-1,-1,4.00095652174,-1.0,4.77,-1.0,7.33,5.33694599628,6.38,5.12,-1.0,0.0,7.50203592814,4.22557144126,3.67687960688,-1.0,7.56097253028,-1.0,-1.0,-1.0,4.98,-1.0,0.0,-1.0,-1.0,0.0,-1.0,6.0,-1.0,-1.0,5.87,-1.0,-1.0,0.0,-1.0,0.0,4.98622176591,0.0,0.0,7.27,-1.0,-1.0,-1.0,4.17,-1.0,6.0,-1.0,-1.0,0.0,-1.0,4.32,-1.0,4.58595330739,0.0,-1.0,-1.0,-1.0,-1.0,0.0,0.0,6.76,5.13396514161,3.24389830508,-1.0,0.0,5.33498969072,5.70194915254,4.7,0.0,5.39,0.0,5.44,4.33112128146,7.38,5.61,6.18530927835,0.0
27,-1,-1,-1,-1,-1,-1,-1,-1,-1,-1,-1,-1,-1,-1,-1,-1,-1,-1,-1,-1,-1,-1,-1,-1,-1,-1,-1,-1,-1,-1,-1,-1,-1,-1,-1,-1,-1,-1,-1,-1,-1,-1,-1,-1,-1,-1,-1,-1,-1,-1,-1,-1,-1,-1,-1,-1,-1,-1,-1,-1,-1,-1,-1,-1,-1,-1,-1,-1,-1,-1,-1,-1,-1,-1,-1,7.25,-1.0,4.77,-1.0,5.01245283019,4.02,4.0647301691,0.0,-1.0,6.26038277512,4.59595271348,4.22557144126,4.94671968191,-1.0,7.56097253028,-1.0,-1.0,-1.0,0.0,-1.0,4.12,-1.0,-1.0,3.59,-1.0,5.85,-1.0,-1.0,5.12368217054,-1.0,-1.0,0.0,-1.0,7.88,5.53188445539,5.9550712831,5.03402083333,0.0,-1.0,-1.0,-1.0,6.5,-1.0,0.0,-1.0,-1.0,6.1,-1.0,5.80941414141,-1.0,6.63579558015,5.28,-1.0,-1.0,-1.0,-1.0,0.0,5.7,6.68,8.72,5.16,-1.0,7.55374394575,-1.0,5.67,4.56,2.24383900209,4.7234751773,-1.0,5.1144836272,5.62,7.38,5.35252851998,6.21,0.0
28,-1,-1,-1,-1,-1,-1,-1,-1,-1,-1,-1,-1,-1,-1,-1,-1,-1,-1,-1,-1,-1,-1,-1,-1,-1,-1,-1,-1,-1,-1,-1,-1,-1,-1,-1,-1,-1,-1,-1,-1,-1,-1,-1,-1,-1,-1,-1,-1,-1,-1,-1,-1,-1,-1,-1,-1,-1,-1,-1,-1,-1,-1,-1,-1,-1,-1,-1,-1,-1,-1,-1,-1,-1,-1,-1,0.0,-1.0,4.77,-1.0,0.0,6.61,6.38,4.54,-1.0,5.7569782604,5.66433575361,4.22557144126,5.0,-1.0,7.56097253028,-1.0,-1.0,-1.0,6.0,-1.0,7.1,-1.0,-1.0,3.59,-1.0,5.85,-1.0,-1.0,0.0,-1.0,-1.0,6.22,-1.0,0.0,4.94661764706,5.39,5.96387715704,0.0,-1.0,-1.0,-1.0,-1.0,-1.0,0.0,-1.0,-1.0,6.0,-1.0,5.81192488263,-1.0,-1.0,0.0,-1.0,-1.0,-1.0,-1.0,3.6060385439,8.72,4.03814814815,8.72,5.39,-1.0,7.74416883208,-1.0,5.35632277858,5.4,4.73,4.95,-1.0,5.1144836272,5.62,7.38,5.61,6.77275229358,4.69
29,-1,-1,-1,-1,-1,-1,-1,-1,-1,-1,-1,-1,-1,-1,-1,-1,-1,-1,-1,-1,-1,-1,-1,-1,-1,-1,-1,-1,-1,-1,-1,-1,-1,-1,-1,-1,-1,-1,-1,-1,-1,-1,-1,-1,-1,-1,-1,-1,-1,-1,-1,-1,-1,-1,-1,-1,-1,-1,-1,-1,-1,-1,-1,-1,-1,-1,-1,-1,-1,-1,-1,-1,-1,-1,-1,4.00095652174,-1.0,4.77,-1.0,6.95,6.38,7.55,0.0,-1.0,0.0,4.94783363608,-1.0,4.01257918552,-1.0,-1.0,-1.0,-1.0,-1.0,-1.0,-1.0,3.62096153846,-1.0,-1.0,5.61,-1.0,-1.0,-1.0,-1.0,0.0,-1.0,-1.0,-1.0,-1.0,3.25150837989,4.55362119618,4.54930321229,0.0,0.0,-1.0,-1.0,-1.0,-1.0,-1.0,6.0,-1.0,-1.0,5.16,-1.0,6.16140022766,-1.0,-1.0,0.0,-1.0,-1.0,-1.0,-1.0,0.0,0.0,0.0,-1.0,4.30730769231,-1.0,6.17577885853,-1.0,4.95822429907,0.0,4.7,0.0,-1.0,5.1144836272,5.62,7.38,6.94671936759,5.73,6.0
30,-1,-1,-1,-1,-1,-1,-1,-1,-1,-1,-1,-1,-1,-1,-1,-1,-1,-1,-1,-1,-1,-1,-1,-1,-1,-1,-1,-1,-1,-1,-1,-1,-1,-1,-1,-1,-1,-1,-1,-1,-1,-1,-1,-1,-1,-1,-1,-1,-1,-1,-1,-1,-1,-1,-1,-1,-1,-1,-1,-1,-1,-1,-1,-1,-1,-1,-1,-1,-1,-1,-1,-1,-1,-1,-1,7.25,-1.0,0.0,-1.0,8.72,4.79904076739,5.2196,0.0,-1.0,3.78,7.50203592814,-1.0,5.42412073491,-1.0,-1.0,-1.0,-1.0,-1.0,-1.0,-1.0,7.1,-1.0,-1.0,3.59,-1.0,-1.0,-1.0,-1.0,0.0,-1.0,-1.0,-1.0,-1.0,6.1055449923,0.0,0.0,0.0,0.0,-1.0,-1.0,-1.0,-1.0,-1.0,6.0,-1.0,-1.0,7.47,-1.0,4.34448717949,-1.0,-1.0,0.0,-1.0,-1.0,-1.0,-1.0,3.6060385439,5.0,0.0,-1.0,0.0,-1.0,-1.0,-1.0,5.76,0.0,5.71,4.50385579937,-1.0,5.1144836272,-1.0,-1.0,5.61,7.35,-1.0
31,-1,-1,-1,-1,-1,-1,-1,-1,-1,-1,-1,-1,-1,-1,-1,-1,-1,-1,-1,-1,-1,-1,-1,-1,-1,-1,-1,-1,-1,-1,-1,-1,-1,-1,-1,-1,-1,-1,-1,-1,-1,-1,-1,-1,-1,-1,-1,-1,-1,-1,-1,-1,-1,-1,-1,-1,-1,-1,-1,-1,-1,-1,-1,-1,-1,-1,-1,-1,-1,-1,-1,-1,-1,-1,-1,7.46,-1.0,-1.0,-1.0,0.0,7.38,6.07,4.62579371411,-1.0,6.34293506494,7.15430972148,-1.0,5.17857029244,-1.0,-1.0,-1.0,-1.0,-1.0,-1.0,-1.0,5.33375,-1.0,-1.0,3.59,-1.0,-1.0,-1.0,-1.0,-1.0,-1.0,-1.0,-1.0,-1.0,0.0,0.0,0.0,0.0,2.80104651163,-1.0,-1.0,-1.0,-1.0,-1.0,6.0,-1.0,-1.0,5.16,-1.0,6.21,-1.0,-1.0,0.0,-1.0,-1.0,-1.0,-1.0,-1.0,7.09,4.07,-1.0,5.90809659091,-1.0,-1.0,-1.0,4.23784836838,0.0,7.17,4.37964365256,-1.0,-1.0,-1.0,-1.0,6.0,6.2259137577,-1.0
32,-1,-1,-1,-1,-1,-1,-1,-1,-1,-1,-1,-1,-1,-1,-1,-1,-1,-1,-1,-1,-1,-1,-1,-1,-1,-1,-1,-1,-1,-1,-1,-1,-1,-1,-1,-1,-1,-1,-1,-1,-1,-1,-1,-1,-1,-1,-1,-1,-1,-1,-1,-1,-1,-1,-1,-1,-1,-1,-1,-1,-1,-1,-1,-1,-1,-1,-1,-1,-1,-1,-1,-1,-1,-1,-1,0.0,-1.0,-1.0,-1.0,0.0,5.67,3.76,4.75,-1.0,0.0,7.15430972148,-1.0,4.3,-1.0,-1.0,-1.0,-1.0,-1.0,-1.0,-1.0,4.64053645706,-1.0,-1.0,4.18812933025,-1.0,-1.0,-1.0,-1.0,-1.0,-1.0,-1.0,-1.0,-1.0,0.0,6.0,0.0,0.0,2.80104651163,-1.0,-1.0,-1.0,-1.0,-1.0,0.0,-1.0,-1.0,5.11269406393,-1.0,0.0,-1.0,-1.0,0.0,-1.0,-1.0,-1.0,-1.0,-1.0,8.72,6.76,-1.0,4.60908141962,-1.0,-1.0,-1.0,0.0,4.1325,5.69152207193,5.17868852459,-1.0,-1.0,-1.0,-1.0,5.52141649049,6.95,-1.0
33,-1,-1,-1,-1,-1,-1,-1,-1,-1,-1,-1,-1,-1,-1,-1,-1,-1,-1,-1,-1,-1,-1,-1,-1,-1,-1,-1,-1,-1,-1,-1,-1,-1,-1,-1,-1,-1,-1,-1,-1,-1,-1,-1,-1,-1,-1,-1,-1,-1,-1,-1,-1,-1,-1,-1,-1,-1,-1,-1,-1,-1,-1,-1,-1,-1,-1,-1,-1,-1,-1,-1,-1,-1,-1,-1,6.73,-1.0,-1.0,-1.0,5.17,5.84171620673,5.71,0.0,-1.0,5.30408577878,6.0115,-1.0,6.07,-1.0,-1.0,-1.0,-1.0,-1.0,-1.0,-1.0,6.0,-1.0,-1.0,0.0,-1.0,-1.0,-1.0,-1.0,-1.0,-1.0,-1.0,-1.0,-1.0,0.0,0.0,5.81206703911,6.0,2.80104651163,-1.0,-1.0,-1.0,-1.0,-1.0,0.0,-1.0,-1.0,7.35,-1.0,0.0,-1.0,-1.0,0.0,-1.0,-1.0,-1.0,-1.0,-1.0,8.72,6.68,-1.0,5.97552195471,-1.0,-1.0,-1.0,4.10784313725,5.75539335935,4.95065217391,0.0,-1.0,-1.0,-1.0,-1.0,6.0,5.47026217228,-1.0
34,-1,-1,-1,-1,-1,-1,-1,-1,-1,-1,-1,-1,-1,-1,-1,-1,-1,-1,-1,-1,-1,-1,-1,-1,-1,-1,-1,-1,-1,-1,-1,-1,-1,-1,-1,-1,-1,-1,-1,-1,-1,-1,-1,-1,-1,-1,-1,-1,-1,-1,-1,-1,-1,-1,-1,-1,-1,-1,-1,-1,-1,-1,-1,-1,-1,-1,-1,-1,-1,-1,-1,-1,-1,-1,-1,4.364375,-1.0,-1.0,-1.0,6.21837837838,7.2,0.0,4.62579371411,-1.0,0.0,5.97951325852,-1.0,5.73692307692,-1.0,-1.0,-1.0,-1.0,-1.0,-1.0,-1.0,6.0,-1.0,-1.0,3.59,-1.0,-1.0,-1.0,-1.0,-1.0,-1.0,-1.0,-1.0,-1.0,0.0,0.0,0.0,0.0,2.80104651163,-1.0,-1.0,-1.0,-1.0,-1.0,6.0,-1.0,-1.0,0.0,-1.0,0.0,-1.0,-1.0,4.7,-1.0,-1.0,-1.0,-1.0,-1.0,0.0,4.03814814815,-1.0,6.67799435028,-1.0,-1.0,-1.0,0.0,5.12,-1.0,6.08185096154,-1.0,-1.0,-1.0,-1.0,4.83375355592,0.0,-1.0
35,-1,-1,-1,-1,-1,-1,-1,-1,-1,-1,-1,-1,-1,-1,-1,-1,-1,-1,-1,-1,-1,-1,-1,-1,-1,-1,-1,-1,-1,-1,-1,-1,-1,-1,-1,-1,-1,-1,-1,-1,-1,-1,-1,-1,-1,-1,-1,-1,-1,-1,-1,-1,-1,-1,-1,-1,-1,-1,-1,-1,-1,-1,-1,-1,-1,-1,-1,-1,-1,-1,-1,-1,-1,-1,-1,4.91110817942,-1.0,-1.0,-1.0,3.17,8.23538461538,0.0,4.75,-1.0,8.72,4.4182630273,-1.0,7.38,-1.0,-1.0,-1.0,-1.0,-1.0,-1.0,-1.0,6.0,-1.0,-1.0,5.55,-1.0,-1.0,-1.0,-1.0,-1.0,-1.0,-1.0,-1.0,-1.0,7.88,6.31326901249,0.0,0.0,2.80104651163,-1.0,-1.0,-1.0,-1.0,-1.0,0.0,-1.0,-1.0,0.0,-1.0,0.0,-1.0,-1.0,4.7,-1.0,-1.0,-1.0,-1.0,-1.0,8.72,-1.0,-1.0,6.5,-1.0,-1.0,-1.0,4.23784836838,5.78863849765,-1.0,4.07,-1.0,-1.0,-1.0,-1.0,5.61,0.0,-1.0
36,-1,-1,-1,-1,-1,-1,-1,-1,-1,-1,-1,-1,-1,-1,-1,-1,-1,-1,-1,-1,-1,-1,-1,-1,-1,-1,-1,-1,-1,-1,-1,-1,-1,-1,-1,-1,-1,-1,-1,-1,-1,-1,-1,-1,-1,-1,-1,-1,-1,-1,-1,-1,-1,-1,-1,-1,-1,-1,-1,-1,-1,-1,-1,-1,-1,-1,-1,-1,-1,-1,-1,-1,-1,-1,-1,4.91110817942,-1.0,-1.0,-1.0,8.26,4.85033402923,2.93,0.0,-1.0,8.72,4.59595271348,-1.0,7.38,-1.0,-1.0,-1.0,-1.0,-1.0,-1.0,-1.0,6.0,-1.0,-1.0,-1.0,-1.0,-1.0,-1.0,-1.0,-1.0,-1.0,-1.0,-1.0,-1.0,0.0,6.13570938319,5.81206703911,0.0,2.80104651163,-1.0,-1.0,-1.0,-1.0,-1.0,0.0,-1.0,-1.0,0.0,-1.0,0.0,-1.0,-1.0,4.7,-1.0,-1.0,-1.0,-1.0,-1.0,7.38,-1.0,-1.0,6.0,-1.0,-1.0,-1.0,0.0,6.1,-1.0,0.0,-1.0,-1.0,-1.0,-1.0,-1.0,5.00052313883,-1.0
37,-1,-1,-1,-1,-1,-1,-1,-1,-1,-1,-1,-1,-1,-1,-1,-1,-1,-1,-1,-1,-1,-1,-1,-1,-1,-1,-1,-1,-1,-1,-1,-1,-1,-1,-1,-1,-1,-1,-1,-1,-1,-1,-1,-1,-1,-1,-1,-1,-1,-1,-1,-1,-1,-1,-1,-1,-1,-1,-1,-1,-1,-1,-1,-1,-1,-1,-1,-1,-1,-1,-1,-1,-1,-1,-1,6.70348214286,-1.0,-1.0,-1.0,0.0,-1.0,0.0,0.0,-1.0,6.21,5.65238629605,-1.0,4.94,-1.0,-1.0,-1.0,-1.0,-1.0,-1.0,-1.0,-1.0,-1.0,-1.0,-1.0,-1.0,-1.0,-1.0,-1.0,-1.0,-1.0,-1.0,-1.0,-1.0,0.0,6.0,-1.0,0.0,2.80104651163,-1.0,-1.0,-1.0,-1.0,-1.0,6.0,-1.0,-1.0,0.0,-1.0,-1.0,-1.0,-1.0,4.7,-1.0,-1.0,-1.0,-1.0,-1.0,7.09,-1.0,-1.0,0.0,-1.0,-1.0,-1.0,4.10784313725,6.1,-1.0,0.0,-1.0,-1.0,-1.0,-1.0,-1.0,6.89,-1.0
38,-1,-1,-1,-1,-1,-1,-1,-1,-1,-1,-1,-1,-1,-1,-1,-1,-1,-1,-1,-1,-1,-1,-1,-1,-1,-1,-1,-1,-1,-1,-1,-1,-1,-1,-1,-1,-1,-1,-1,-1,-1,-1,-1,-1,-1,-1,-1,-1,-1,-1,-1,-1,-1,-1,-1,-1,-1,-1,-1,-1,-1,-1,-1,-1,-1,-1,-1,-1,-1,-1,-1,-1,-1,-1,-1,0.0,-1.0,-1.0,-1.0,0.0,-1.0,5.51171052632,6.76807106599,-1.0,5.81048913043,4.59595271348,-1.0,4.94,-1.0,-1.0,-1.0,-1.0,-1.0,-1.0,-1.0,-1.0,-1.0,-1.0,-1.0,-1.0,-1.0,-1.0,-1.0,-1.0,-1.0,-1.0,-1.0,-1.0,7.88,6.0,-1.0,6.0,2.80104651163,-1.0,-1.0,-1.0,-1.0,-1.0,0.0,-1.0,-1.0,0.0,-1.0,-1.0,-1.0,-1.0,4.7,-1.0,-1.0,-1.0,-1.0,-1.0,0.0,-1.0,-1.0,4.30730769231,-1.0,-1.0,-1.0,0.0,6.38,-1.0,3.39,-1.0,-1.0,-1.0,-1.0,-1.0,6.63,-1.0
39,-1,-1,-1,-1,-1,-1,-1,-1,-1,-1,-1,-1,-1,-1,-1,-1,-1,-1,-1,-1,-1,-1,-1,-1,-1,-1,-1,-1,-1,-1,-1,-1,-1,-1,-1,-1,-1,-1,-1,-1,-1,-1,-1,-1,-1,-1,-1,-1,-1,-1,-1,-1,-1,-1,-1,-1,-1,-1,-1,-1,-1,-1,-1,-1,-1,-1,-1,-1,-1,-1,-1,-1,-1,-1,-1,6.70348214286,-1.0,-1.0,-1.0,7.38,-1.0,0.0,3.78,-1.0,5.92,7.50203592814,-1.0,6.89496412784,-1.0,-1.0,-1.0,-1.0,-1.0,-1.0,-1.0,-1.0,-1.0,-1.0,-1.0,-1.0,-1.0,-1.0,-1.0,-1.0,-1.0,-1.0,-1.0,-1.0,0.0,5.32,-1.0,0.0,-1.0,-1.0,-1.0,-1.0,-1.0,-1.0,2.82,-1.0,-1.0,0.0,-1.0,-1.0,-1.0,-1.0,0.0,-1.0,-1.0,-1.0,-1.0,-1.0,0.0,-1.0,-1.0,0.0,-1.0,-1.0,-1.0,-1.0,0.0,-1.0,4.56,-1.0,-1.0,-1.0,-1.0,-1.0,6.73956422018,-1.0
40,-1,-1,-1,-1,-1,-1,-1,-1,-1,-1,-1,-1,-1,-1,-1,-1,-1,-1,-1,-1,-1,-1,-1,-1,-1,-1,-1,-1,-1,-1,-1,-1,-1,-1,-1,-1,-1,-1,-1,-1,-1,-1,-1,-1,-1,-1,-1,-1,-1,-1,-1,-1,-1,-1,-1,-1,-1,-1,-1,-1,-1,-1,-1,-1,-1,-1,-1,-1,-1,-1,-1,-1,-1,-1,-1,5.92,-1.0,-1.0,-1.0,0.0,-1.0,0.0,0.0,-1.0,6.2238961039,4.59595271348,-1.0,4.94,-1.0,-1.0,-1.0,-1.0,-1.0,-1.0,-1.0,-1.0,-1.0,-1.0,-1.0,-1.0,-1.0,-1.0,-1.0,-1.0,-1.0,-1.0,-1.0,-1.0,0.0,0.0,-1.0,0.0,-1.0,-1.0,-1.0,-1.0,-1.0,-1.0,0.0,-1.0,-1.0,0.0,-1.0,-1.0,-1.0,-1.0,0.0,-1.0,-1.0,-1.0,-1.0,-1.0,0.0,-1.0,-1.0,5.90809659091,-1.0,-1.0,-1.0,-1.0,5.92,-1.0,0.0,-1.0,-1.0,-1.0,-1.0,-1.0,4.07,-1.0
41,-1,-1,-1,-1,-1,-1,-1,-1,-1,-1,-1,-1,-1,-1,-1,-1,-1,-1,-1,-1,-1,-1,-1,-1,-1,-1,-1,-1,-1,-1,-1,-1,-1,-1,-1,-1,-1,-1,-1,-1,-1,-1,-1,-1,-1,-1,-1,-1,-1,-1,-1,-1,-1,-1,-1,-1,-1,-1,-1,-1,-1,-1,-1,-1,-1,-1,-1,-1,-1,-1,-1,-1,-1,-1,-1,6.70348214286,-1.0,-1.0,-1.0,0.0,-1.0,2.82,4.88380334748,-1.0,6.07025125628,5.65238629605,-1.0,0.0,-1.0,-1.0,-1.0,-1.0,-1.0,-1.0,-1.0,-1.0,-1.0,-1.0,-1.0,-1.0,-1.0,-1.0,-1.0,-1.0,-1.0,-1.0,-1.0,-1.0,7.88,5.87330434783,-1.0,0.0,-1.0,-1.0,-1.0,-1.0,-1.0,-1.0,6.0,-1.0,-1.0,0.0,-1.0,-1.0,-1.0,-1.0,4.7,-1.0,-1.0,-1.0,-1.0,-1.0,-1.0,-1.0,-1.0,4.60908141962,-1.0,-1.0,-1.0,-1.0,0.0,-1.0,0.0,-1.0,-1.0,-1.0,-1.0,-1.0,7.83509433962,-1.0
42,-1,-1,-1,-1,-1,-1,-1,-1,-1,-1,-1,-1,-1,-1,-1,-1,-1,-1,-1,-1,-1,-1,-1,-1,-1,-1,-1,-1,-1,-1,-1,-1,-1,-1,-1,-1,-1,-1,-1,-1,-1,-1,-1,-1,-1,-1,-1,-1,-1,-1,-1,-1,-1,-1,-1,-1,-1,-1,-1,-1,-1,-1,-1,-1,-1,-1,-1,-1,-1,-1,-1,-1,-1,-1,-1,0.0,-1.0,-1.0,-1.0,5.39,-1.0,4.95,0.0,-1.0,5.50042328042,4.59595271348,-1.0,4.94671968191,-1.0,-1.0,-1.0,-1.0,-1.0,-1.0,-1.0,-1.0,-1.0,-1.0,-1.0,-1.0,-1.0,-1.0,-1.0,-1.0,-1.0,-1.0,-1.0,-1.0,0.0,6.13570938319,-1.0,0.0,-1.0,-1.0,-1.0,-1.0,-1.0,-1.0,0.0,-1.0,-1.0,0.0,-1.0,-1.0,-1.0,-1.0,0.0,-1.0,-1.0,-1.0,-1.0,-1.0,-1.0,-1.0,-1.0,5.97552195471,-1.0,-1.0,-1.0,-1.0,6.53987040834,-1.0,7.35552631579,-1.0,-1.0,-1.0,-1.0,-1.0,0.0,-1.0
43,-1,-1,-1,-1,-1,-1,-1,-1,-1,-1,-1,-1,-1,-1,-1,-1,-1,-1,-1,-1,-1,-1,-1,-1,-1,-1,-1,-1,-1,-1,-1,-1,-1,-1,-1,-1,-1,-1,-1,-1,-1,-1,-1,-1,-1,-1,-1,-1,-1,-1,-1,-1,-1,-1,-1,-1,-1,-1,-1,-1,-1,-1,-1,-1,-1,-1,-1,-1,-1,-1,-1,-1,-1,-1,-1,3.82,-1.0,-1.0,-1.0,4.01462162162,-1.0,5.27468710089,0.0,-1.0,6.50944099379,7.50203592814,-1.0,-1.0,-1.0,-1.0,-1.0,-1.0,-1.0,-1.0,-1.0,-1.0,-1.0,-1.0,-1.0,-1.0,-1.0,-1.0,-1.0,-1.0,-1.0,-1.0,-1.0,-1.0,0.0,-1.0,-1.0,6.0,-1.0,-1.0,-1.0,-1.0,-1.0,-1.0,0.0,-1.0,-1.0,6.1,-1.0,-1.0,-1.0,-1.0,-1.0,-1.0,-1.0,-1.0,-1.0,-1.0,-1.0,-1.0,-1.0,6.67799435028,-1.0,-1.0,-1.0,-1.0,5.12,-1.0,4.96295774648,-1.0,-1.0,-1.0,-1.0,-1.0,-1.0,-1.0
44,-1,-1,-1,-1,-1,-1,-1,-1,-1,-1,-1,-1,-1,-1,-1,-1,-1,-1,-1,-1,-1,-1,-1,-1,-1,-1,-1,-1,-1,-1,-1,-1,-1,-1,-1,-1,-1,-1,-1,-1,-1,-1,-1,-1,-1,-1,-1,-1,-1,-1,-1,-1,-1,-1,-1,-1,-1,-1,-1,-1,-1,-1,-1,-1,-1,-1,-1,-1,-1,-1,-1,-1,-1,-1,-1,0.0,-1.0,-1.0,-1.0,5.98,-1.0,4.23190377579,5.12,-1.0,3.76,0.0,-1.0,-1.0,-1.0,-1.0,-1.0,-1.0,-1.0,-1.0,-1.0,-1.0,-1.0,-1.0,-1.0,-1.0,-1.0,-1.0,-1.0,-1.0,-1.0,-1.0,-1.0,-1.0,7.88,-1.0,-1.0,-1.0,-1.0,-1.0,-1.0,-1.0,-1.0,-1.0,0.0,-1.0,-1.0,0.0,-1.0,-1.0,-1.0,-1.0,-1.0,-1.0,-1.0,-1.0,-1.0,-1.0,-1.0,-1.0,-1.0,6.5,-1.0,-1.0,-1.0,-1.0,5.78863849765,-1.0,0.0,-1.0,-1.0,-1.0,-1.0,-1.0,-1.0,-1.0
45,-1,-1,-1,-1,-1,-1,-1,-1,-1,-1,-1,-1,-1,-1,-1,-1,-1,-1,-1,-1,-1,-1,-1,-1,-1,-1,-1,-1,-1,-1,-1,-1,-1,-1,-1,-1,-1,-1,-1,-1,-1,-1,-1,-1,-1,-1,-1,-1,-1,-1,-1,-1,-1,-1,-1,-1,-1,-1,-1,-1,-1,-1,-1,-1,-1,-1,-1,-1,-1,-1,-1,-1,-1,-1,-1,0.0,-1.0,-1.0,-1.0,-1.0,-1.0,5.71,0.0,-1.0,6.49591160221,-1.0,-1.0,-1.0,-1.0,-1.0,-1.0,-1.0,-1.0,-1.0,-1.0,-1.0,-1.0,-1.0,-1.0,-1.0,-1.0,-1.0,-1.0,-1.0,-1.0,-1.0,-1.0,-1.0,0.0,-1.0,-1.0,-1.0,-1.0,-1.0,-1.0,-1.0,-1.0,-1.0,6.0,-1.0,-1.0,4.69,-1.0,-1.0,-1.0,-1.0,-1.0,-1.0,-1.0,-1.0,-1.0,-1.0,-1.0,-1.0,-1.0,-1.0,-1.0,-1.0,-1.0,-1.0,6.1,-1.0,6.2259137577,-1.0,-1.0,-1.0,-1.0,-1.0,-1.0,-1.0
46,-1,-1,-1,-1,-1,-1,-1,-1,-1,-1,-1,-1,-1,-1,-1,-1,-1,-1,-1,-1,-1,-1,-1,-1,-1,-1,-1,-1,-1,-1,-1,-1,-1,-1,-1,-1,-1,-1,-1,-1,-1,-1,-1,-1,-1,-1,-1,-1,-1,-1,-1,-1,-1,-1,-1,-1,-1,-1,-1,-1,-1,-1,-1,-1,-1,-1,-1,-1,-1,-1,-1,-1,-1,-1,-1,0.0,-1.0,-1.0,-1.0,-1.0,-1.0,0.0,4.54,-1.0,0.0,-1.0,-1.0,-1.0,-1.0,-1.0,-1.0,-1.0,-1.0,-1.0,-1.0,-1.0,-1.0,-1.0,-1.0,-1.0,-1.0,-1.0,-1.0,-1.0,-1.0,-1.0,-1.0,-1.0,0.0,-1.0,-1.0,-1.0,-1.0,-1.0,-1.0,-1.0,-1.0,-1.0,0.0,-1.0,-1.0,0.0,-1.0,-1.0,-1.0,-1.0,-1.0,-1.0,-1.0,-1.0,-1.0,-1.0,-1.0,-1.0,-1.0,-1.0,-1.0,-1.0,-1.0,-1.0,6.1,-1.0,3.39,-1.0,-1.0,-1.0,-1.0,-1.0,-1.0,-1.0
47,-1,-1,-1,-1,-1,-1,-1,-1,-1,-1,-1,-1,-1,-1,-1,-1,-1,-1,-1,-1,-1,-1,-1,-1,-1,-1,-1,-1,-1,-1,-1,-1,-1,-1,-1,-1,-1,-1,-1,-1,-1,-1,-1,-1,-1,-1,-1,-1,-1,-1,-1,-1,-1,-1,-1,-1,-1,-1,-1,-1,-1,-1,-1,-1,-1,-1,-1,-1,-1,-1,-1,-1,-1,-1,-1,6.0,-1.0,-1.0,-1.0,-1.0,-1.0,0.0,0.0,-1.0,7.34665500041,-1.0,-1.0,-1.0,-1.0,-1.0,-1.0,-1.0,-1.0,-1.0,-1.0,-1.0,-1.0,-1.0,-1.0,-1.0,-1.0,-1.0,-1.0,-1.0,-1.0,-1.0,-1.0,-1.0,7.88,-1.0,-1.0,-1.0,-1.0,-1.0,-1.0,-1.0,-1.0,-1.0,2.82,-1.0,-1.0,5.56,-1.0,-1.0,-1.0,-1.0,-1.0,-1.0,-1.0,-1.0,-1.0,-1.0,-1.0,-1.0,-1.0,-1.0,-1.0,-1.0,-1.0,-1.0,-1.0,-1.0,4.56,-1.0,-1.0,-1.0,-1.0,-1.0,-1.0,-1.0
48,-1,-1,-1,-1,-1,-1,-1,-1,-1,-1,-1,-1,-1,-1,-1,-1,-1,-1,-1,-1,-1,-1,-1,-1,-1,-1,-1,-1,-1,-1,-1,-1,-1,-1,-1,-1,-1,-1,-1,-1,-1,-1,-1,-1,-1,-1,-1,-1,-1,-1,-1,-1,-1,-1,-1,-1,-1,-1,-1,-1,-1,-1,-1,-1,-1,-1,-1,-1,-1,-1,-1,-1,-1,-1,-1,6.0,-1.0,-1.0,-1.0,-1.0,-1.0,0.0,0.0,-1.0,0.0,-1.0,-1.0,-1.0,-1.0,-1.0,-1.0,-1.0,-1.0,-1.0,-1.0,-1.0,-1.0,-1.0,-1.0,-1.0,-1.0,-1.0,-1.0,-1.0,-1.0,-1.0,-1.0,-1.0,-1.0,-1.0,-1.0,-1.0,-1.0,-1.0,-1.0,-1.0,-1.0,-1.0,-1.0,-1.0,-1.0,5.23,-1.0,-1.0,-1.0,-1.0,-1.0,-1.0,-1.0,-1.0,-1.0,-1.0,-1.0,-1.0,-1.0,-1.0,-1.0,-1.0,-1.0,-1.0,-1.0,-1.0,0.0,-1.0,-1.0,-1.0,-1.0,-1.0,-1.0,-1.0
49,-1,-1,-1,-1,-1,-1,-1,-1,-1,-1,-1,-1,-1,-1,-1,-1,-1,-1,-1,-1,-1,-1,-1,-1,-1,-1,-1,-1,-1,-1,-1,-1,-1,-1,-1,-1,-1,-1,-1,-1,-1,-1,-1,-1,-1,-1,-1,-1,-1,-1,-1,-1,-1,-1,-1,-1,-1,-1,-1,-1,-1,-1,-1,-1,-1,-1,-1,-1,-1,-1,-1,-1,-1,-1,-1,6.0,-1.0,-1.0,-1.0,-1.0,-1.0,0.0,4.62579371411,-1.0,5.81048913043,-1.0,-1.0,-1.0,-1.0,-1.0,-1.0,-1.0,-1.0,-1.0,-1.0,-1.0,-1.0,-1.0,-1.0,-1.0,-1.0,-1.0,-1.0,-1.0,-1.0,-1.0,-1.0,-1.0,-1.0,-1.0,-1.0,-1.0,-1.0,-1.0,-1.0,-1.0,-1.0,-1.0,-1.0,-1.0,-1.0,6.38,-1.0,-1.0,-1.0,-1.0,-1.0,-1.0,-1.0,-1.0,-1.0,-1.0,-1.0,-1.0,-1.0,-1.0,-1.0,-1.0,-1.0,-1.0,-1.0,-1.0,0.0,-1.0,-1.0,-1.0,-1.0,-1.0,-1.0,-1.0
50,-1,-1,-1,-1,-1,-1,-1,-1,-1,-1,-1,-1,-1,-1,-1,-1,-1,-1,-1,-1,-1,-1,-1,-1,-1,-1,-1,-1,-1,-1,-1,-1,-1,-1,-1,-1,-1,-1,-1,-1,-1,-1,-1,-1,-1,-1,-1,-1,-1,-1,-1,-1,-1,-1,-1,-1,-1,-1,-1,-1,-1,-1,-1,-1,-1,-1,-1,-1,-1,-1,-1,-1,-1,-1,-1,-1.0,-1.0,-1.0,-1.0,-1.0,-1.0,0.0,4.75,-1.0,5.92,-1.0,-1.0,-1.0,-1.0,-1.0,-1.0,-1.0,-1.0,-1.0,-1.0,-1.0,-1.0,-1.0,-1.0,-1.0,-1.0,-1.0,-1.0,-1.0,-1.0,-1.0,-1.0,-1.0,-1.0,-1.0,-1.0,-1.0,-1.0,-1.0,-1.0,-1.0,-1.0,-1.0,-1.0,-1.0,-1.0,6.1,-1.0,-1.0,-1.0,-1.0,-1.0,-1.0,-1.0,-1.0,-1.0,-1.0,-1.0,-1.0,-1.0,-1.0,-1.0,-1.0,-1.0,-1.0,-1.0,-1.0,5.17868852459,-1.0,-1.0,-1.0,-1.0,-1.0,-1.0,-1.0
51,-1,-1,-1,-1,-1,-1,-1,-1,-1,-1,-1,-1,-1,-1,-1,-1,-1,-1,-1,-1,-1,-1,-1,-1,-1,-1,-1,-1,-1,-1,-1,-1,-1,-1,-1,-1,-1,-1,-1,-1,-1,-1,-1,-1,-1,-1,-1,-1,-1,-1,-1,-1,-1,-1,-1,-1,-1,-1,-1,-1,-1,-1,-1,-1,-1,-1,-1,-1,-1,-1,-1,-1,-1,-1,-1,-1.0,-1.0,-1.0,-1.0,-1.0,-1.0,0.0,6.0,-1.0,6.2238961039,-1.0,-1.0,-1.0,-1.0,-1.0,-1.0,-1.0,-1.0,-1.0,-1.0,-1.0,-1.0,-1.0,-1.0,-1.0,-1.0,-1.0,-1.0,-1.0,-1.0,-1.0,-1.0,-1.0,-1.0,-1.0,-1.0,-1.0,-1.0,-1.0,-1.0,-1.0,-1.0,-1.0,-1.0,-1.0,-1.0,-1.0,-1.0,-1.0,-1.0,-1.0,-1.0,-1.0,-1.0,-1.0,-1.0,-1.0,-1.0,-1.0,-1.0,-1.0,-1.0,-1.0,-1.0,-1.0,-1.0,-1.0,0.0,-1.0,-1.0,-1.0,-1.0,-1.0,-1.0,-1.0
52,-1,-1,-1,-1,-1,-1,-1,-1,-1,-1,-1,-1,-1,-1,-1,-1,-1,-1,-1,-1,-1,-1,-1,-1,-1,-1,-1,-1,-1,-1,-1,-1,-1,-1,-1,-1,-1,-1,-1,-1,-1,-1,-1,-1,-1,-1,-1,-1,-1,-1,-1,-1,-1,-1,-1,-1,-1,-1,-1,-1,-1,-1,-1,-1,-1,-1,-1,-1,-1,-1,-1,-1,-1,-1,-1,-1.0,-1.0,-1.0,-1.0,-1.0,-1.0,0.0,4.62579371411,-1.0,6.07025125628,-1.0,-1.0,-1.0,-1.0,-1.0,-1.0,-1.0,-1.0,-1.0,-1.0,-1.0,-1.0,-1.0,-1.0,-1.0,-1.0,-1.0,-1.0,-1.0,-1.0,-1.0,-1.0,-1.0,-1.0,-1.0,-1.0,-1.0,-1.0,-1.0,-1.0,-1.0,-1.0,-1.0,-1.0,-1.0,-1.0,-1.0,-1.0,-1.0,-1.0,-1.0,-1.0,-1.0,-1.0,-1.0,-1.0,-1.0,-1.0,-1.0,-1.0,-1.0,-1.0,-1.0,-1.0,-1.0,-1.0,-1.0,5.17868852459,-1.0,-1.0,-1.0,-1.0,-1.0,-1.0,-1.0
53,-1,-1,-1,-1,-1,-1,-1,-1,-1,-1,-1,-1,-1,-1,-1,-1,-1,-1,-1,-1,-1,-1,-1,-1,-1,-1,-1,-1,-1,-1,-1,-1,-1,-1,-1,-1,-1,-1,-1,-1,-1,-1,-1,-1,-1,-1,-1,-1,-1,-1,-1,-1,-1,-1,-1,-1,-1,-1,-1,-1,-1,-1,-1,-1,-1,-1,-1,-1,-1,-1,-1,-1,-1,-1,-1,-1.0,-1.0,-1.0,-1.0,-1.0,-1.0,6.0,4.75,-1.0,5.50042328042,-1.0,-1.0,-1.0,-1.0,-1.0,-1.0,-1.0,-1.0,-1.0,-1.0,-1.0,-1.0,-1.0,-1.0,-1.0,-1.0,-1.0,-1.0,-1.0,-1.0,-1.0,-1.0,-1.0,-1.0,-1.0,-1.0,-1.0,-1.0,-1.0,-1.0,-1.0,-1.0,-1.0,-1.0,-1.0,-1.0,-1.0,-1.0,-1.0,-1.0,-1.0,-1.0,-1.0,-1.0,-1.0,-1.0,-1.0,-1.0,-1.0,-1.0,-1.0,-1.0,-1.0,-1.0,-1.0,-1.0,-1.0,0.0,-1.0,-1.0,-1.0,-1.0,-1.0,-1.0,-1.0
54,-1,-1,-1,-1,-1,-1,-1,-1,-1,-1,-1,-1,-1,-1,-1,-1,-1,-1,-1,-1,-1,-1,-1,-1,-1,-1,-1,-1,-1,-1,-1,-1,-1,-1,-1,-1,-1,-1,-1,-1,-1,-1,-1,-1,-1,-1,-1,-1,-1,-1,-1,-1,-1,-1,-1,-1,-1,-1,-1,-1,-1,-1,-1,-1,-1,-1,-1,-1,-1,-1,-1,-1,-1,-1,-1,-1.0,-1.0,-1.0,-1.0,-1.0,-1.0,6.0,0.0,-1.0,6.50944099379,-1.0,-1.0,-1.0,-1.0,-1.0,-1.0,-1.0,-1.0,-1.0,-1.0,-1.0,-1.0,-1.0,-1.0,-1.0,-1.0,-1.0,-1.0,-1.0,-1.0,-1.0,-1.0,-1.0,-1.0,-1.0,-1.0,-1.0,-1.0,-1.0,-1.0,-1.0,-1.0,-1.0,-1.0,-1.0,-1.0,-1.0,-1.0,-1.0,-1.0,-1.0,-1.0,-1.0,-1.0,-1.0,-1.0,-1.0,-1.0,-1.0,-1.0,-1.0,-1.0,-1.0,-1.0,-1.0,-1.0,-1.0,5.17868852459,-1.0,-1.0,-1.0,-1.0,-1.0,-1.0,-1.0
55,-1,-1,-1,-1,-1,-1,-1,-1,-1,-1,-1,-1,-1,-1,-1,-1,-1,-1,-1,-1,-1,-1,-1,-1,-1,-1,-1,-1,-1,-1,-1,-1,-1,-1,-1,-1,-1,-1,-1,-1,-1,-1,-1,-1,-1,-1,-1,-1,-1,-1,-1,-1,-1,-1,-1,-1,-1,-1,-1,-1,-1,-1,-1,-1,-1,-1,-1,-1,-1,-1,-1,-1,-1,-1,-1,-1.0,-1.0,-1.0,-1.0,-1.0,-1.0,0.0,0.0,-1.0,0.0,-1.0,-1.0,-1.0,-1.0,-1.0,-1.0,-1.0,-1.0,-1.0,-1.0,-1.0,-1.0,-1.0,-1.0,-1.0,-1.0,-1.0,-1.0,-1.0,-1.0,-1.0,-1.0,-1.0,-1.0,-1.0,-1.0,-1.0,-1.0,-1.0,-1.0,-1.0,-1.0,-1.0,-1.0,-1.0,-1.0,-1.0,-1.0,-1.0,-1.0,-1.0,-1.0,-1.0,-1.0,-1.0,-1.0,-1.0,-1.0,-1.0,-1.0,-1.0,-1.0,-1.0,-1.0,-1.0,-1.0,-1.0,-1.0,-1.0,-1.0,-1.0,-1.0,-1.0,-1.0,-1.0
56,-1,-1,-1,-1,-1,-1,-1,-1,-1,-1,-1,-1,-1,-1,-1,-1,-1,-1,-1,-1,-1,-1,-1,-1,-1,-1,-1,-1,-1,-1,-1,-1,-1,-1,-1,-1,-1,-1,-1,-1,-1,-1,-1,-1,-1,-1,-1,-1,-1,-1,-1,-1,-1,-1,-1,-1,-1,-1,-1,-1,-1,-1,-1,-1,-1,-1,-1,-1,-1,-1,-1,-1,-1,-1,-1,-1.0,-1.0,-1.0,-1.0,-1.0,-1.0,0.0,0.0,-1.0,6.0,-1.0,-1.0,-1.0,-1.0,-1.0,-1.0,-1.0,-1.0,-1.0,-1.0,-1.0,-1.0,-1.0,-1.0,-1.0,-1.0,-1.0,-1.0,-1.0,-1.0,-1.0,-1.0,-1.0,-1.0,-1.0,-1.0,-1.0,-1.0,-1.0,-1.0,-1.0,-1.0,-1.0,-1.0,-1.0,-1.0,-1.0,-1.0,-1.0,-1.0,-1.0,-1.0,-1.0,-1.0,-1.0,-1.0,-1.0,-1.0,-1.0,-1.0,-1.0,-1.0,-1.0,-1.0,-1.0,-1.0,-1.0,-1.0,-1.0,-1.0,-1.0,-1.0,-1.0,-1.0,-1.0
57,-1,-1,-1,-1,-1,-1,-1,-1,-1,-1,-1,-1,-1,-1,-1,-1,-1,-1,-1,-1,-1,-1,-1,-1,-1,-1,-1,-1,-1,-1,-1,-1,-1,-1,-1,-1,-1,-1,-1,-1,-1,-1,-1,-1,-1,-1,-1,-1,-1,-1,-1,-1,-1,-1,-1,-1,-1,-1,-1,-1,-1,-1,-1,-1,-1,-1,-1,-1,-1,-1,-1,-1,-1,-1,-1,-1.0,-1.0,-1.0,-1.0,-1.0,-1.0,0.0,4.75,-1.0,7.73,-1.0,-1.0,-1.0,-1.0,-1.0,-1.0,-1.0,-1.0,-1.0,-1.0,-1.0,-1.0,-1.0,-1.0,-1.0,-1.0,-1.0,-1.0,-1.0,-1.0,-1.0,-1.0,-1.0,-1.0,-1.0,-1.0,-1.0,-1.0,-1.0,-1.0,-1.0,-1.0,-1.0,-1.0,-1.0,-1.0,-1.0,-1.0,-1.0,-1.0,-1.0,-1.0,-1.0,-1.0,-1.0,-1.0,-1.0,-1.0,-1.0,-1.0,-1.0,-1.0,-1.0,-1.0,-1.0,-1.0,-1.0,-1.0,-1.0,-1.0,-1.0,-1.0,-1.0,-1.0,-1.0
58,-1,-1,-1,-1,-1,-1,-1,-1,-1,-1,-1,-1,-1,-1,-1,-1,-1,-1,-1,-1,-1,-1,-1,-1,-1,-1,-1,-1,-1,-1,-1,-1,-1,-1,-1,-1,-1,-1,-1,-1,-1,-1,-1,-1,-1,-1,-1,-1,-1,-1,-1,-1,-1,-1,-1,-1,-1,-1,-1,-1,-1,-1,-1,-1,-1,-1,-1,-1,-1,-1,-1,-1,-1,-1,-1,-1.0,-1.0,-1.0,-1.0,-1.0,-1.0,-1.0,0.0,-1.0,5.98,-1.0,-1.0,-1.0,-1.0,-1.0,-1.0,-1.0,-1.0,-1.0,-1.0,-1.0,-1.0,-1.0,-1.0,-1.0,-1.0,-1.0,-1.0,-1.0,-1.0,-1.0,-1.0,-1.0,-1.0,-1.0,-1.0,-1.0,-1.0,-1.0,-1.0,-1.0,-1.0,-1.0,-1.0,-1.0,-1.0,-1.0,-1.0,-1.0,-1.0,-1.0,-1.0,-1.0,-1.0,-1.0,-1.0,-1.0,-1.0,-1.0,-1.0,-1.0,-1.0,-1.0,-1.0,-1.0,-1.0,-1.0,-1.0,-1.0,-1.0,-1.0,-1.0,-1.0,-1.0,-1.0
59,-1,-1,-1,-1,-1,-1,-1,-1,-1,-1,-1,-1,-1,-1,-1,-1,-1,-1,-1,-1,-1,-1,-1,-1,-1,-1,-1,-1,-1,-1,-1,-1,-1,-1,-1,-1,-1,-1,-1,-1,-1,-1,-1,-1,-1,-1,-1,-1,-1,-1,-1,-1,-1,-1,-1,-1,-1,-1,-1,-1,-1,-1,-1,-1,-1,-1,-1,-1,-1,-1,-1,-1,-1,-1,-1,-1.0,-1.0,-1.0,-1.0,-1.0,-1.0,-1.0,4.62579371411,-1.0,5.67,-1.0,-1.0,-1.0,-1.0,-1.0,-1.0,-1.0,-1.0,-1.0,-1.0,-1.0,-1.0,-1.0,-1.0,-1.0,-1.0,-1.0,-1.0,-1.0,-1.0,-1.0,-1.0,-1.0,-1.0,-1.0,-1.0,-1.0,-1.0,-1.0,-1.0,-1.0,-1.0,-1.0,-1.0,-1.0,-1.0,-1.0,-1.0,-1.0,-1.0,-1.0,-1.0,-1.0,-1.0,-1.0,-1.0,-1.0,-1.0,-1.0,-1.0,-1.0,-1.0,-1.0,-1.0,-1.0,-1.0,-1.0,-1.0,-1.0,-1.0,-1.0,-1.0,-1.0,-1.0,-1.0
60,-1,-1,-1,-1,-1,-1,-1,-1,-1,-1,-1,-1,-1,-1,-1,-1,-1,-1,-1,-1,-1,-1,-1,-1,-1,-1,-1,-1,-1,-1,-1,-1,-1,-1,-1,-1,-1,-1,-1,-1,-1,-1,-1,-1,-1,-1,-1,-1,-1,-1,-1,-1,-1,-1,-1,-1,-1,-1,-1,-1,-1,-1,-1,-1,-1,-1,-1,-1,-1,-1,-1,-1,-1,-1,-1,-1.0,-1.0,-1.0,-1.0,-1.0,-1.0,-1.0,4.75,-1.0,5.67,-1.0,-1.0,-1.0,-1.0,-1.0,-1.0,-1.0,-1.0,-1.0,-1.0,-1.0,-1.0,-1.0,-1.0,-1.0,-1.0,-1.0,-1.0,-1.0,-1.0,-1.0,-1.0,-1.0,-1.0,-1.0,-1.0,-1.0,-1.0,-1.0,-1.0,-1.0,-1.0,-1.0,-1.0,-1.0,-1.0,-1.0,-1.0,-1.0,-1.0,-1.0,-1.0,-1.0,-1.0,-1.0,-1.0,-1.0,-1.0,-1.0,-1.0,-1.0,-1.0,-1.0,-1.0,-1.0,-1.0,-1.0,-1.0,-1.0,-1.0,-1.0,-1.0,-1.0,-1.0,-1.0
61,-1,-1,-1,-1,-1,-1,-1,-1,-1,-1,-1,-1,-1,-1,-1,-1,-1,-1,-1,-1,-1,-1,-1,-1,-1,-1,-1,-1,-1,-1,-1,-1,-1,-1,-1,-1,-1,-1,-1,-1,-1,-1,-1,-1,-1,-1,-1,-1,-1,-1,-1,-1,-1,-1,-1,-1,-1,-1,-1,-1,-1,-1,-1,-1,-1,-1,-1,-1,-1,-1,-1,-1,-1,-1,-1,-1.0,-1.0,-1.0,-1.0,-1.0,-1.0,-1.0,0.0,-1.0,8.72,-1.0,-1.0,-1.0,-1.0,-1.0,-1.0,-1.0,-1.0,-1.0,-1.0,-1.0,-1.0,-1.0,-1.0,-1.0,-1.0,-1.0,-1.0,-1.0,-1.0,-1.0,-1.0,-1.0,-1.0,-1.0,-1.0,-1.0,-1.0,-1.0,-1.0,-1.0,-1.0,-1.0,-1.0,-1.0,-1.0,-1.0,-1.0,-1.0,-1.0,-1.0,-1.0,-1.0,-1.0,-1.0,-1.0,-1.0,-1.0,-1.0,-1.0,-1.0,-1.0,-1.0,-1.0,-1.0,-1.0,-1.0,-1.0,-1.0,-1.0,-1.0,-1.0,-1.0,-1.0,-1.0
62,-1,-1,-1,-1,-1,-1,-1,-1,-1,-1,-1,-1,-1,-1,-1,-1,-1,-1,-1,-1,-1,-1,-1,-1,-1,-1,-1,-1,-1,-1,-1,-1,-1,-1,-1,-1,-1,-1,-1,-1,-1,-1,-1,-1,-1,-1,-1,-1,-1,-1,-1,-1,-1,-1,-1,-1,-1,-1,-1,-1,-1,-1,-1,-1,-1,-1,-1,-1,-1,-1,-1,-1,-1,-1,-1,-1.0,-1.0,-1.0,-1.0,-1.0,-1.0,-1.0,6.71212034384,-1.0,-1.0,-1.0,-1.0,-1.0,-1.0,-1.0,-1.0,-1.0,-1.0,-1.0,-1.0,-1.0,-1.0,-1.0,-1.0,-1.0,-1.0,-1.0,-1.0,-1.0,-1.0,-1.0,-1.0,-1.0,-1.0,-1.0,-1.0,-1.0,-1.0,-1.0,-1.0,-1.0,-1.0,-1.0,-1.0,-1.0,-1.0,-1.0,-1.0,-1.0,-1.0,-1.0,-1.0,-1.0,-1.0,-1.0,-1.0,-1.0,-1.0,-1.0,-1.0,-1.0,-1.0,-1.0,-1.0,-1.0,-1.0,-1.0,-1.0,-1.0,-1.0,-1.0,-1.0,-1.0,-1.0,-1.0
63,-1,-1,-1,-1,-1,-1,-1,-1,-1,-1,-1,-1,-1,-1,-1,-1,-1,-1,-1,-1,-1,-1,-1,-1,-1,-1,-1,-1,-1,-1,-1,-1,-1,-1,-1,-1,-1,-1,-1,-1,-1,-1,-1,-1,-1,-1,-1,-1,-1,-1,-1,-1,-1,-1,-1,-1,-1,-1,-1,-1,-1,-1,-1,-1,-1,-1,-1,-1,-1,-1,-1,-1,-1,-1,-1,-1.0,-1.0,-1.0,-1.0,-1.0,-1.0,-1.0,5.73,-1.0,-1.0,-1.0,-1.0,-1.0,-1.0,-1.0,-1.0,-1.0,-1.0,-1.0,-1.0,-1.0,-1.0,-1.0,-1.0,-1.0,-1.0,-1.0,-1.0,-1.0,-1.0,-1.0,-1.0,-1.0,-1.0,-1.0,-1.0,-1.0,-1.0,-1.0,-1.0,-1.0,-1.0,-1.0,-1.0,-1.0,-1.0,-1.0,-1.0,-1.0,-1.0,-1.0,-1.0,-1.0,-1.0,-1.0,-1.0,-1.0,-1.0,-1.0,-1.0,-1.0,-1.0,-1.0,-1.0,-1.0,-1.0,-1.0,-1.0,-1.0,-1.0,-1.0,-1.0,-1.0,-1.0,-1.0
64,-1,-1,-1,-1,-1,-1,-1,-1,-1,-1,-1,-1,-1,-1,-1,-1,-1,-1,-1,-1,-1,-1,-1,-1,-1,-1,-1,-1,-1,-1,-1,-1,-1,-1,-1,-1,-1,-1,-1,-1,-1,-1,-1,-1,-1,-1,-1,-1,-1,-1,-1,-1,-1,-1,-1,-1,-1,-1,-1,-1,-1,-1,-1,-1,-1,-1,-1,-1,-1,-1,-1,-1,-1,-1,-1,-1.0,-1.0,-1.0,-1.0,-1.0,-1.0,-1.0,6.71212034384,-1.0,-1.0,-1.0,-1.0,-1.0,-1.0,-1.0,-1.0,-1.0,-1.0,-1.0,-1.0,-1.0,-1.0,-1.0,-1.0,-1.0,-1.0,-1.0,-1.0,-1.0,-1.0,-1.0,-1.0,-1.0,-1.0,-1.0,-1.0,-1.0,-1.0,-1.0,-1.0,-1.0,-1.0,-1.0,-1.0,-1.0,-1.0,-1.0,-1.0,-1.0,-1.0,-1.0,-1.0,-1.0,-1.0,-1.0,-1.0,-1.0,-1.0,-1.0,-1.0,-1.0,-1.0,-1.0,-1.0,-1.0,-1.0,-1.0,-1.0,-1.0,-1.0,-1.0,-1.0,-1.0,-1.0,-1.0
65,-1,-1,-1,-1,-1,-1,-1,-1,-1,-1,-1,-1,-1,-1,-1,-1,-1,-1,-1,-1,-1,-1,-1,-1,-1,-1,-1,-1,-1,-1,-1,-1,-1,-1,-1,-1,-1,-1,-1,-1,-1,-1,-1,-1,-1,-1,-1,-1,-1,-1,-1,-1,-1,-1,-1,-1,-1,-1,-1,-1,-1,-1,-1,-1,-1,-1,-1,-1,-1,-1,-1,-1,-1,-1,-1,-1.0,-1.0,-1.0,-1.0,-1.0,-1.0,-1.0,5.73,-1.0,-1.0,-1.0,-1.0,-1.0,-1.0,-1.0,-1.0,-1.0,-1.0,-1.0,-1.0,-1.0,-1.0,-1.0,-1.0,-1.0,-1.0,-1.0,-1.0,-1.0,-1.0,-1.0,-1.0,-1.0,-1.0,-1.0,-1.0,-1.0,-1.0,-1.0,-1.0,-1.0,-1.0,-1.0,-1.0,-1.0,-1.0,-1.0,-1.0,-1.0,-1.0,-1.0,-1.0,-1.0,-1.0,-1.0,-1.0,-1.0,-1.0,-1.0,-1.0,-1.0,-1.0,-1.0,-1.0,-1.0,-1.0,-1.0,-1.0,-1.0,-1.0,-1.0,-1.0,-1.0,-1.0,-1.0
66,-1,-1,-1,-1,-1,-1,-1,-1,-1,-1,-1,-1,-1,-1,-1,-1,-1,-1,-1,-1,-1,-1,-1,-1,-1,-1,-1,-1,-1,-1,-1,-1,-1,-1,-1,-1,-1,-1,-1,-1,-1,-1,-1,-1,-1,-1,-1,-1,-1,-1,-1,-1,-1,-1,-1,-1,-1,-1,-1,-1,-1,-1,-1,-1,-1,-1,-1,-1,-1,-1,-1,-1,-1,-1,-1,-1.0,-1.0,-1.0,-1.0,-1.0,-1.0,-1.0,6.71212034384,-1.0,-1.0,-1.0,-1.0,-1.0,-1.0,-1.0,-1.0,-1.0,-1.0,-1.0,-1.0,-1.0,-1.0,-1.0,-1.0,-1.0,-1.0,-1.0,-1.0,-1.0,-1.0,-1.0,-1.0,-1.0,-1.0,-1.0,-1.0,-1.0,-1.0,-1.0,-1.0,-1.0,-1.0,-1.0,-1.0,-1.0,-1.0,-1.0,-1.0,-1.0,-1.0,-1.0,-1.0,-1.0,-1.0,-1.0,-1.0,-1.0,-1.0,-1.0,-1.0,-1.0,-1.0,-1.0,-1.0,-1.0,-1.0,-1.0,-1.0,-1.0,-1.0,-1.0,-1.0,-1.0,-1.0,-1.0
67,-1,-1,-1,-1,-1,-1,-1,-1,-1,-1,-1,-1,-1,-1,-1,-1,-1,-1,-1,-1,-1,-1,-1,-1,-1,-1,-1,-1,-1,-1,-1,-1,-1,-1,-1,-1,-1,-1,-1,-1,-1,-1,-1,-1,-1,-1,-1,-1,-1,-1,-1,-1,-1,-1,-1,-1,-1,-1,-1,-1,-1,-1,-1,-1,-1,-1,-1,-1,-1,-1,-1,-1,-1,-1,-1,-1.0,-1.0,-1.0,-1.0,-1.0,-1.0,-1.0,5.73,-1.0,-1.0,-1.0,-1.0,-1.0,-1.0,-1.0,-1.0,-1.0,-1.0,-1.0,-1.0,-1.0,-1.0,-1.0,-1.0,-1.0,-1.0,-1.0,-1.0,-1.0,-1.0,-1.0,-1.0,-1.0,-1.0,-1.0,-1.0,-1.0,-1.0,-1.0,-1.0,-1.0,-1.0,-1.0,-1.0,-1.0,-1.0,-1.0,-1.0,-1.0,-1.0,-1.0,-1.0,-1.0,-1.0,-1.0,-1.0,-1.0,-1.0,-1.0,-1.0,-1.0,-1.0,-1.0,-1.0,-1.0,-1.0,-1.0,-1.0,-1.0,-1.0,-1.0,-1.0,-1.0,-1.0,-1.0
68,-1,-1,-1,-1,-1,-1,-1,-1,-1,-1,-1,-1,-1,-1,-1,-1,-1,-1,-1,-1,-1,-1,-1,-1,-1,-1,-1,-1,-1,-1,-1,-1,-1,-1,-1,-1,-1,-1,-1,-1,-1,-1,-1,-1,-1,-1,-1,-1,-1,-1,-1,-1,-1,-1,-1,-1,-1,-1,-1,-1,-1,-1,-1,-1,-1,-1,-1,-1,-1,-1,-1,-1,-1,-1,-1,-1.0,-1.0,-1.0,-1.0,-1.0,-1.0,-1.0,6.71212034384,-1.0,-1.0,-1.0,-1.0,-1.0,-1.0,-1.0,-1.0,-1.0,-1.0,-1.0,-1.0,-1.0,-1.0,-1.0,-1.0,-1.0,-1.0,-1.0,-1.0,-1.0,-1.0,-1.0,-1.0,-1.0,-1.0,-1.0,-1.0,-1.0,-1.0,-1.0,-1.0,-1.0,-1.0,-1.0,-1.0,-1.0,-1.0,-1.0,-1.0,-1.0,-1.0,-1.0,-1.0,-1.0,-1.0,-1.0,-1.0,-1.0,-1.0,-1.0,-1.0,-1.0,-1.0,-1.0,-1.0,-1.0,-1.0,-1.0,-1.0,-1.0,-1.0,-1.0,-1.0,-1.0,-1.0,-1.0
69,-1,-1,-1,-1,-1,-1,-1,-1,-1,-1,-1,-1,-1,-1,-1,-1,-1,-1,-1,-1,-1,-1,-1,-1,-1,-1,-1,-1,-1,-1,-1,-1,-1,-1,-1,-1,-1,-1,-1,-1,-1,-1,-1,-1,-1,-1,-1,-1,-1,-1,-1,-1,-1,-1,-1,-1,-1,-1,-1,-1,-1,-1,-1,-1,-1,-1,-1,-1,-1,-1,-1,-1,-1,-1,-1,-1.0,-1.0,-1.0,-1.0,-1.0,-1.0,-1.0,5.73,-1.0,-1.0,-1.0,-1.0,-1.0,-1.0,-1.0,-1.0,-1.0,-1.0,-1.0,-1.0,-1.0,-1.0,-1.0,-1.0,-1.0,-1.0,-1.0,-1.0,-1.0,-1.0,-1.0,-1.0,-1.0,-1.0,-1.0,-1.0,-1.0,-1.0,-1.0,-1.0,-1.0,-1.0,-1.0,-1.0,-1.0,-1.0,-1.0,-1.0,-1.0,-1.0,-1.0,-1.0,-1.0,-1.0,-1.0,-1.0,-1.0,-1.0,-1.0,-1.0,-1.0,-1.0,-1.0,-1.0,-1.0,-1.0,-1.0,-1.0,-1.0,-1.0,-1.0,-1.0,-1.0,-1.0,-1.0
70,-1,-1,-1,-1,-1,-1,-1,-1,-1,-1,-1,-1,-1,-1,-1,-1,-1,-1,-1,-1,-1,-1,-1,-1,-1,-1,-1,-1,-1,-1,-1,-1,-1,-1,-1,-1,-1,-1,-1,-1,-1,-1,-1,-1,-1,-1,-1,-1,-1,-1,-1,-1,-1,-1,-1,-1,-1,-1,-1,-1,-1,-1,-1,-1,-1,-1,-1,-1,-1,-1,-1,-1,-1,-1,-1,-1.0,-1.0,-1.0,-1.0,-1.0,-1.0,-1.0,-1.0,-1.0,-1.0,-1.0,-1.0,-1.0,-1.0,-1.0,-1.0,-1.0,-1.0,-1.0,-1.0,-1.0,-1.0,-1.0,-1.0,-1.0,-1.0,-1.0,-1.0,-1.0,-1.0,-1.0,-1.0,-1.0,-1.0,-1.0,-1.0,-1.0,-1.0,-1.0,-1.0,-1.0,-1.0,-1.0,-1.0,-1.0,-1.0,-1.0,-1.0,-1.0,-1.0,-1.0,-1.0,-1.0,-1.0,-1.0,-1.0,-1.0,-1.0,-1.0,-1.0,-1.0,-1.0,-1.0,-1.0,-1.0,-1.0,-1.0,-1.0,-1.0,-1.0,-1.0,-1.0,-1.0,-1.0,-1.0
71,-1,-1,-1,-1,-1,-1,-1,-1,-1,-1,-1,-1,-1,-1,-1,-1,-1,-1,-1,-1,-1,-1,-1,-1,-1,-1,-1,-1,-1,-1,-1,-1,-1,-1,-1,-1,-1,-1,-1,-1,-1,-1,-1,-1,-1,-1,-1,-1,-1,-1,-1,-1,-1,-1,-1,-1,-1,-1,-1,-1,-1,-1,-1,-1,-1,-1,-1,-1,-1,-1,-1,-1,-1,-1,-1,-1.0,-1.0,-1.0,-1.0,-1.0,-1.0,-1.0,-1.0,-1.0,-1.0,-1.0,-1.0,-1.0,-1.0,-1.0,-1.0,-1.0,-1.0,-1.0,-1.0,-1.0,-1.0,-1.0,-1.0,-1.0,-1.0,-1.0,-1.0,-1.0,-1.0,-1.0,-1.0,-1.0,-1.0,-1.0,-1.0,-1.0,-1.0,-1.0,-1.0,-1.0,-1.0,-1.0,-1.0,-1.0,-1.0,-1.0,-1.0,-1.0,-1.0,-1.0,-1.0,-1.0,-1.0,-1.0,-1.0,-1.0,-1.0,-1.0,-1.0,-1.0,-1.0,-1.0,-1.0,-1.0,-1.0,-1.0,-1.0,-1.0,-1.0,-1.0,-1.0,-1.0,-1.0,-1.0
72,-1,-1,-1,-1,-1,-1,-1,-1,-1,-1,-1,-1,-1,-1,-1,-1,-1,-1,-1,-1,-1,-1,-1,-1,-1,-1,-1,-1,-1,-1,-1,-1,-1,-1,-1,-1,-1,-1,-1,-1,-1,-1,-1,-1,-1,-1,-1,-1,-1,-1,-1,-1,-1,-1,-1,-1,-1,-1,-1,-1,-1,-1,-1,-1,-1,-1,-1,-1,-1,-1,-1,-1,-1,-1,-1,-1.0,-1.0,-1.0,-1.0,-1.0,-1.0,-1.0,-1.0,-1.0,-1.0,-1.0,-1.0,-1.0,-1.0,-1.0,-1.0,-1.0,-1.0,-1.0,-1.0,-1.0,-1.0,-1.0,-1.0,-1.0,-1.0,-1.0,-1.0,-1.0,-1.0,-1.0,-1.0,-1.0,-1.0,-1.0,-1.0,-1.0,-1.0,-1.0,-1.0,-1.0,-1.0,-1.0,-1.0,-1.0,-1.0,-1.0,-1.0,-1.0,-1.0,-1.0,-1.0,-1.0,-1.0,-1.0,-1.0,-1.0,-1.0,-1.0,-1.0,-1.0,-1.0,-1.0,-1.0,-1.0,-1.0,-1.0,-1.0,-1.0,-1.0,-1.0,-1.0,-1.0,-1.0,-1.0
73,-1,-1,-1,-1,-1,-1,-1,-1,-1,-1,-1,-1,-1,-1,-1,-1,-1,-1,-1,-1,-1,-1,-1,-1,-1,-1,-1,-1,-1,-1,-1,-1,-1,-1,-1,-1,-1,-1,-1,-1,-1,-1,-1,-1,-1,-1,-1,-1,-1,-1,-1,-1,-1,-1,-1,-1,-1,-1,-1,-1,-1,-1,-1,-1,-1,-1,-1,-1,-1,-1,-1,-1,-1,-1,-1,-1.0,-1.0,-1.0,-1.0,-1.0,-1.0,-1.0,-1.0,-1.0,-1.0,-1.0,-1.0,-1.0,-1.0,-1.0,-1.0,-1.0,-1.0,-1.0,-1.0,-1.0,-1.0,-1.0,-1.0,-1.0,-1.0,-1.0,-1.0,-1.0,-1.0,-1.0,-1.0,-1.0,-1.0,-1.0,-1.0,-1.0,-1.0,-1.0,-1.0,-1.0,-1.0,-1.0,-1.0,-1.0,-1.0,-1.0,-1.0,-1.0,-1.0,-1.0,-1.0,-1.0,-1.0,-1.0,-1.0,-1.0,-1.0,-1.0,-1.0,-1.0,-1.0,-1.0,-1.0,-1.0,-1.0,-1.0,-1.0,-1.0,-1.0,-1.0,-1.0,-1.0,-1.0,-1.0
74,-1,-1,-1,-1,-1,-1,-1,-1,-1,-1,-1,-1,-1,-1,-1,-1,-1,-1,-1,-1,-1,-1,-1,-1,-1,-1,-1,-1,-1,-1,-1,-1,-1,-1,-1,-1,-1,-1,-1,-1,-1,-1,-1,-1,-1,-1,-1,-1,-1,-1,-1,-1,-1,-1,-1,-1,-1,-1,-1,-1,-1,-1,-1,-1,-1,-1,-1,-1,-1,-1,-1,-1,-1,-1,-1,-1.0,-1.0,-1.0,-1.0,-1.0,-1.0,-1.0,-1.0,-1.0,-1.0,-1.0,-1.0,-1.0,-1.0,-1.0,-1.0,-1.0,-1.0,-1.0,-1.0,-1.0,-1.0,-1.0,-1.0,-1.0,-1.0,-1.0,-1.0,-1.0,-1.0,-1.0,-1.0,-1.0,-1.0,-1.0,-1.0,-1.0,-1.0,-1.0,-1.0,-1.0,-1.0,-1.0,-1.0,-1.0,-1.0,-1.0,-1.0,-1.0,-1.0,-1.0,-1.0,-1.0,-1.0,-1.0,-1.0,-1.0,-1.0,-1.0,-1.0,-1.0,-1.0,-1.0,-1.0,-1.0,-1.0,-1.0,-1.0,-1.0,-1.0,-1.0,-1.0,-1.0,-1.0,-1.0
