,0,1,2,3,4,5,6,7,8,9,10,11,12,13,14,15,16,17,18,19,20,21,22,23,24,25,26,27,28,29,30,31,32,33,34,35,36,37,38,39,40,41,42,43,44,45,46,47,48,49,50,51,52,53,54,55,56,57,58,59,60,61,62,63,64,65,66,67,68,69,70,71,72,73,74
0,8.45638602387,-0.108410412663,0.140492519215,-0.135551621415,-0.171339592346,-0.0212288400697,-0.266880023238,-0.093588928735,-0.137201857175,-0.0664515203761,0.0688745363737,-0.137365820357,-0.0632002034453,-0.154388693896,-0.274254841652,-0.198337515318,-0.197977853518,-0.292141783339,-0.273871974275,-0.269838491112,-0.173220748629,-0.211084541377,-0.298539770392,-0.179723433581,-0.108410412663,-0.139781661071,-0.129237666165,-0.0275265618317,-0.215368037303,-0.193752749985,-0.399052400281,-0.20080243546,0.12522543201,0.26998893387,0.0283244138501,-0.118126852784,0.223926725554,-0.208261866019,-0.150510389452,-0.193467825026,-0.129237666165,-0.164197540881,0.109129998998,0.100091235754,0.221855606043,-0.288434155997,-0.356638591794,-0.0884444166715,-0.133213324628,-0.166663277416,-0.146849815223,0.264811883842,-0.222958612901,-0.193230181053,0.142832707081,-0.257453455452,-0.196628274797,-0.187158660036,-0.164445291262,-0.322134381413,-0.189665137735,-0.222075773439,-0.0807288036371,-0.204014256248,0.164924867123,-0.373437302264,-0.159321012121,-0.256600302628,0.234819273052,0.30868614107,-0.104956115437,-0.0392056631814,-0.000839931189665,0.147232279833,-0.26311749901
1,0.0100375258787,5.93989600071,-0.128465916767,0.461158449208,-0.292087345199,0.0156148846235,-0.201807306679,0.26889446944,-0.158391669869,0.265913753119,0.556671843196,-0.0348381838111,0.0171873850499,-0.166458768637,-0.269409396631,0.239390248536,-0.156816711479,-0.11097467529,-0.38988486935,0.350362298582,-0.155766064714,-0.209343660915,0.369522989473,0.0105371888524,5.93989600071,-0.124041927276,-0.137489525977,0.00823128098876,0.312792749137,-0.061616622302,-0.342931088679,0.362898689536,-0.0482373205799,0.290221917524,-0.0449871709546,0.0156868094498,-0.182692415463,0.0271738484275,0.126497649545,-0.168247946612,-0.137489525977,-0.257971492001,-0.319096645701,-0.254502909398,-0.246052488376,-0.288434155997,-0.00598580684366,-0.259846347722,-0.15605204291,-0.0536544762867,-0.0134014319239,0.047668806434,-0.270494923545,-0.235482269461,-0.0642721076214,-0.346042075888,-0.189733415925,-0.188035604515,-0.0502188881548,-0.277083721586,-0.309048607684,-0.277286507426,0.182300341181,-0.199631326932,0.603768730665,-0.304670410088,-0.138383816022,-0.181364492851,-0.046794289908,-0.115715023543,-0.387045748198,-0.254255685716,-0.0357991679008,-0.170002578359,0.415936997437
2,0.0532616591844,-0.270751378536,8.51336200015,-0.330157504302,-0.306189272539,-0.408602047832,-0.232296531305,-0.314678093579,-0.079649279486,-0.367620360272,-0.232181046549,-0.0790311305982,-0.320786239699,-0.110680658368,-0.244922594114,-0.132995923059,-0.091134038012,-0.20203982385,-0.112184447198,-0.183993943589,-0.372640512355,-0.239809068993,-0.152388117962,-0.0427497623343,-0.270751378536,-0.304174436267,0.12847426334,-0.169336933603,0.0651632656587,-0.295095034402,-0.33678294314,-0.300017073121,-0.418584699968,0.0597418428637,-0.265774385657,-0.210571977608,0.194920172044,-0.199600351441,-0.22589865323,-0.20411427889,0.12847426334,-0.0970900052403,-0.0316098201019,-0.158026220741,-0.212837844447,-0.114741996601,-0.259188767948,-0.294738883686,-0.179417808537,-0.270298480311,-0.218309272087,-0.246826041921,-0.25400985435,-0.0853697634266,-0.149550560734,-0.221739262357,-0.214727279336,-0.171373659408,0.101217631116,-0.190280908818,-0.258819118105,-0.123441840507,-0.503436091676,-0.298948505237,-0.358715519852,-0.290742938254,-0.114829470412,-0.320725707938,-0.40122382086,-0.263378569247,-0.145666585589,-0.259239170135,-0.208890022837,-0.32526711871,-0.243406890617
3,-0.0878783679361,0.254172133685,-0.196496579986,8.30201588816,-0.0373712826127,-0.0178015168425,-0.149540064463,0.0400928918685,-0.0432865144919,0.299915315625,-0.231308421671,-0.048979926783,0.311077493527,-0.173220813412,-0.1679146286,-0.213128554844,-0.239138995557,-0.137243468144,-0.153234648373,-0.181387327773,-0.222966597786,-0.110113474604,-0.216903278627,0.0218934243512,0.254172133685,-0.150274816935,-0.00545976898929,-0.153725582713,-0.0889557834993,-0.0782430224741,0.220533460917,-0.119000979103,0.215919155446,-0.231613121744,-0.0466920915314,0.474851336723,-0.215654408087,-0.200387761857,-0.169795759256,-0.171040459101,-0.00545976898929,-0.208347235382,0.0730868745941,0.0433900239993,0.0801170226971,-0.288434155997,-0.288340424654,-0.175675756581,-0.226237181014,0.0637345109325,0.393831376468,-0.201740511391,-0.296225587105,-0.266948316107,-0.158252443705,-0.131147162797,-0.120784827205,0.959884718915,0.0164131803245,-0.324391254545,-0.0393303977978,-0.197113934525,0.2372742782,-0.0742795484887,0.233111762255,-0.0383075112773,-0.136639049681,-0.173490977874,-0.157334193126,-0.22804103426,-0.131248294077,-0.160836469328,-0.208037358527,-0.294661262472,-0.253582692511
4,-0.0331866074269,-0.225902317925,-0.0801237142215,0.0508658313049,8.3109697029,0.0893023340098,-0.17306032346,0.156636017523,-0.158391669869,0.352617737509,-0.0279868250884,0.0296835184979,0.255757002519,-0.0847536473129,-0.0545658254277,-0.206603096229,-0.0298302094432,-0.132865336001,-0.257954549329,-0.0267281227222,0.32685594553,0.172779600404,0.00559131392434,0.0140314151597,-0.225902317925,-0.0261058058824,0.271294913928,-0.117357240137,0.448729213844,0.137900179762,-0.0782144561117,0.456848877035,-0.0112554139363,-0.0396636855201,-0.0671511384537,0.159121061779,-0.000214824293265,-0.193301068111,0.310585270398,-0.202281692569,0.271294913928,0.140435351173,-0.174065978459,-0.117404457096,-0.217619387018,-0.223100407967,0.323844366174,-0.210109180229,-0.0163844964953,-0.0124807270382,-0.0409520658954,-0.27926669445,-0.0214744338422,-0.07725995759,0.225500595302,0.392370643315,-0.0147763720486,0.168880798568,-0.157522478953,0.320987658388,-0.0216439578053,0.0906405974044,0.208518680375,0.106297139339,0.0906186352485,0.766874454081,0.0387099676417,0.0872098513536,-0.212604144735,-0.191125147834,0.248716094008,-0.187020878985,-0.0630844258217,0.0105375848397,-0.15615139249
5,0.118538921728,-0.00355204560038,-0.191838149559,0.0717724615165,0.0939529157448,8.07753594597,-0.0310676487732,-0.0327465616655,-0.158391669869,0.200460745295,0.905721794411,-0.102895321863,-0.0355399579416,-0.119877739992,-0.161857822323,-0.159358775861,-0.00443290903611,-0.173144151711,-0.102131336706,0.610155008191,-0.262239636594,-0.0100128480629,-0.0423814978525,-0.124602013583,-0.00355204560038,0.143533547245,0.0586508341635,0.288189025998,-0.106272530596,-0.153499360095,-0.184724583052,-0.203232181689,0.0679915288715,-0.162820977323,1.81081887695,-0.153110816767,-0.090750430702,-0.157080188965,0.145783019349,0.0985242620825,0.0586508341635,0.246394617975,0.379453432024,0.0484677444549,-0.196187830138,-0.288434155997,-0.18089574708,-0.139711958548,0.0934170337051,-0.187688170649,0.206142682537,-0.159881604903,-0.0144966267752,-0.0496866177457,0.0975829156331,0.457701484344,-0.000986654304581,0.107494685016,1.16906142986,0.165610623532,-0.064975735787,-0.0853056977208,0.038522352052,-0.169827407582,0.167547440013,-0.151468219922,-0.0869132089476,-0.200610862794,-0.112591851347,-0.188494562103,0.122344009578,-0.127050134288,-0.272839846089,-0.121858534839,-0.191406139208
6,-0.279034892167,-0.268224670896,-0.15571334002,-0.206982607972,-0.322053940797,-0.175458385297,8.3595669683,0.262895926208,-0.158391669869,-0.310412731356,-0.226945297281,-0.183326485016,-0.185078160196,-0.144403290989,-0.0978287274017,-0.106894088601,-0.165574401274,-0.219552352419,-0.164125518072,0.0193220900177,-0.0946746710121,-0.271319005348,0.725183490577,-0.160505188891,-0.268224670896,-0.189624151423,-0.211756264283,-0.181982999966,0.0166763737888,-0.108870601738,-0.199445494906,-0.25377090324,-0.282456062656,-0.108279890953,-0.37454831846,-0.201738526703,-0.108330160102,-0.231096768089,-0.279371724049,-0.146344176778,-0.211756264283,-0.0352804329393,-0.0410496860171,-0.168181661652,-0.246052488376,0.707507124945,0.327175984083,-0.161902387122,-0.158687279635,0.763688248157,-0.200229168543,-0.221797904084,0.657989529306,-0.159979977123,-0.16260338519,-0.267906390017,0.0627907902613,-0.299407553389,-0.00175920198806,-0.1520876712,-0.101232937772,-0.272432816526,-0.386891345194,-0.124244942693,-0.265177086787,-0.224587447047,-0.031080686019,-0.209359212768,-0.125751363635,-0.201033687421,-0.0820564759768,-0.126205475912,-0.202921372666,-0.216427191753,-0.234593203938
7,-0.0966996196311,0.0823560141614,-0.235697711505,-0.00836962096138,0.022561908584,-0.169460569649,0.275566838894,8.21525038262,-0.0725860085879,-0.227958942279,0.300120129053,-0.187745779694,-0.282753402131,-0.170549280178,0.00859801145446,-0.200599674304,-0.27627160029,-0.197661691707,-0.262981104575,-0.328539479276,-0.232566673939,-0.257653093724,-0.337000731558,-0.190686568621,0.0823560141614,-0.297178999025,-0.205408679812,-0.0990422474726,-0.237879808528,-0.12549700191,-0.399926995632,0.2316923932,-0.28421710583,-0.177775791328,-0.259807163638,-0.229200938429,-0.0652598230724,0.605133093925,-0.0339215629122,-0.135348658853,-0.205408679812,-0.200400290372,-0.285284762332,-0.176644529078,1.21402568946,-0.288434155997,-0.29583656495,0.87339588391,-0.116523492038,-0.04314202967,-0.335055083541,0.253475096668,-0.0197299820755,0.400407606183,-0.242138595542,-0.334282524502,-0.250666731206,-0.335362277041,-0.325141071997,-0.162504008732,-0.238656576514,-0.0298349445779,-0.380125322176,-0.0865517505741,0.551317272871,-0.383882906139,-0.283024945734,-0.0195200183302,-0.266996795524,-0.233916009059,-0.390777541295,-0.298346852945,-0.300721969027,-0.355013259885,-0.283949849343
8,-0.343430029541,-0.376873099418,-0.196760264727,-0.294093567187,-0.502734884846,-0.490772122206,-0.351640067698,-0.269774712812,8.56169585871,-0.421937856375,-0.359584278742,-0.304415159212,-0.439206665762,-0.173220813412,-0.340966236496,-0.228702649403,-0.362622421674,-0.336010667405,-0.397860337007,-0.336915404763,-0.382676955606,-0.307703406995,-0.358340361624,-0.196495719857,-0.376873099418,-0.392491831452,-0.401549039953,-0.207187918442,-0.344377803171,-0.30226188795,-0.401208580899,-0.304471607873,-0.475290290155,-0.00183680303775,-0.345053192481,-0.270307096109,-0.213456941912,-0.324011197202,-0.112816257563,-0.225232654586,-0.401549039953,-0.255145911553,-0.328536511617,-0.36418167124,-0.246052488376,-0.288434155997,-0.484905881301,-0.366207367436,-0.223250579393,-0.287556413507,0.108854506325,-0.322956928097,-0.310181201239,-0.255837882111,-0.268766357432,-0.338115267176,-0.242306714824,-0.211713105457,-0.308958998224,-0.363886534354,-0.268635092301,-0.301988327185,-0.517137288287,0.0949015231168,-0.532679521535,-0.38301243915,-0.31983951554,-0.383451377252,-0.449475365916,-0.169203600075,-0.446754437754,-0.317098268892,-0.355548284162,-0.108962808897,-0.293164158145
9,0.0170945272348,0.143628674433,-0.206956074719,0.343558654267,0.31341415998,0.149280490487,-0.224456444972,-0.14586194833,-0.145485940327,8.06587219197,-0.212983299232,-0.0922890146343,0.926517955985,-0.155614971446,-0.0208207618879,-0.188418818224,-0.227753998823,-0.235313628131,-0.346338145737,0.0636345588807,-0.223839331982,-0.211954981607,-0.275628617181,-0.1134204894,0.143628674433,0.179385163113,-0.260632664706,-0.186518141006,-0.310523562598,-0.0869937594067,-0.237546678527,-0.207281758736,0.162207338654,-0.204342578559,0.19114432894,-0.239783587534,-0.156762314598,-0.21849820143,0.236950222057,-0.179505262582,-0.260632664706,-0.178325443122,-0.31394762793,-0.108095302927,-0.155544718287,-0.265487668884,0.0423226528408,-0.212404741806,-0.167471402051,-0.233592520875,0.56602283879,-0.27455756747,0.231471072336,-0.17052272471,0.148053836863,-0.294038726429,-0.0544218105625,0.315330526615,0.169580402673,-0.225870062053,-0.161366833746,-0.112174343774,1.57187231847,-0.0672668615828,0.385220989857,0.236760057429,0.0901805747165,0.0600899664339,0.123402069015,-0.131498537929,-0.233024469457,-0.242008139264,-0.0622317615117,-0.0496424695599,0.556154740066
10,0.0682577870659,0.286387656096,-0.147802797786,-0.281026923305,-0.167814110511,0.75163254768,-0.219229720751,0.293745577116,-0.158391669869,-0.291711871977,8.36666450163,-0.17625561353,-0.142723409269,-0.152111321303,-0.153205241929,-0.112114455493,0.129559744836,-0.137243468144,-0.257954549329,-0.210060101744,-0.216857458416,-0.0465713377563,-0.345437329491,-0.0811862517149,0.286387656096,0.0281088327461,-0.179383583483,0.030906986192,0.111052645464,0.103772305725,-0.293832517967,-0.28284686644,-0.39982959017,-0.181294571093,0.139996711634,-0.110255460888,-0.0819605660022,-0.0980244077497,0.128250864982,-0.124004076868,-0.179383583483,-0.172144485891,-0.139739193312,-0.246886328714,-0.246052488376,0.240609852439,0.183083509507,-0.177971318158,0.140851294752,-0.237271877191,-0.373712066833,-0.243250593659,-0.288201108978,-0.273679454952,-0.138238112872,-0.269648545778,-0.161292123078,-0.204697549622,-0.302901537453,-0.208509499499,-0.257315770706,-0.21098162281,-0.0866490737777,-0.238201104915,-0.397179922234,-0.163654757776,-0.197705871634,-0.222481737729,0.0312854829998,-0.252943912514,0.0417712040687,-0.235335338093,-0.0954856696028,-0.0797324967597,-0.241724277706
11,-0.198144014124,-0.184211641864,-0.0519973418312,-0.157329361219,-0.169576851429,-0.295414698251,-0.232296531305,-0.240981705298,-0.158391669869,-0.230509059467,-0.233053671427,8.53417419819,-0.317328709011,-0.143352195947,-0.271832119141,-0.0712215815091,-0.240014764536,-0.033919549585,-0.241199365176,-0.173567480327,-0.159257001497,-0.0770367458342,-0.335098361436,-0.146266216689,-0.184211641864,-0.280564835574,-0.302526722212,-0.187651926267,-0.295457992624,-0.103620159579,-0.0479066964132,-0.271508050708,-0.351136746423,-0.172497621679,-0.165184071623,-0.14698862307,-0.144368605371,0.0878044504757,-0.175055405566,-0.15480898026,-0.302526722212,-0.0732491702099,-0.311201485118,-0.199494271129,-0.196956292337,-0.234493976221,-0.160906039625,-0.281271589103,-0.142875859286,-0.150894607491,-0.232945546385,0.052901169745,0.035220248577,-0.256162274345,-0.0634019193243,-0.0806246457342,0.0214216370294,-0.230128939522,-0.199924704349,-0.196357105712,-0.202045645729,-0.153777408632,-0.200825712203,-0.225928902829,-0.256435177154,-0.057457785048,0.0718605281305,0.0487171114676,-0.373237924728,-0.24075553196,0.124040279167,-0.161681127704,0.0716365351628,-0.29380154741,-0.242525521949
12,0.0188587775738,-0.0433476909312,-0.15571334002,0.347043092636,0.205886964009,-0.090632135422,-0.0955305808396,-0.198991902672,-0.158391669869,0.90854328448,-0.0602739455758,-0.179791049273,8.20462005415,-0.111644162157,0.0189811079282,-0.0955832936696,0.302962002788,0.460809382496,0.236323383185,-0.172698608388,0.874060286259,-0.0674619032954,0.0849945885895,-0.110887175327,-0.0433476909312,0.00275037274246,-0.11971628946,-0.168726433847,-0.323251371714,0.459927298883,0.0499440706137,-0.187843788909,0.170132032935,-0.183933655918,-0.321184304405,-0.172351996957,-0.170035010295,-0.14369421189,-0.0847648105763,-0.190675312537,-0.11971628946,-0.153601614201,-0.30227652098,-0.2942783863,-0.111998527019,-0.288434155997,-0.248361009743,-0.256785598953,-0.114766667555,-0.0685471089936,0.0373950494611,-0.215693480221,0.0299868932768,-0.180254491714,-0.154771690516,0.0787826063764,-0.163877695155,0.223251356286,0.057084702643,-0.232814287074,-0.12864691976,-0.197980665042,1.03059047704,0.281614311987,0.0250543130062,0.0191433100348,0.0134108556897,-0.0475147382472,0.00847566170091,-0.141144018943,-0.0498273537732,-0.170972369841,-0.333464278532,-0.194074600119,-0.14493397308
13,-0.345899980016,-0.371996553673,-0.21337240342,-0.409080033351,-0.413716468509,-0.438591126071,-0.32298019655,-0.351483440983,-0.158391669869,-0.417432649343,-0.338554019182,-0.274275569503,-0.378440563921,8.58590454292,-0.177432467034,-0.226953826495,-0.280212560698,-0.33471474029,-0.33025316895,-0.313455862424,-0.296712637326,-0.246076238655,-0.33294785608,-0.178325743059,-0.371996553673,-0.354454141447,-0.313317615812,-0.191489353301,-0.224892248206,-0.296985193579,-0.302491877881,-0.295400555287,-0.337928922622,-0.265217468508,-0.375827008893,-0.10588246539,-0.217939772909,-0.314404790124,-0.34055894279,-0.146082378732,-0.313317615812,-0.295410432937,-0.324563186236,-0.303079768424,-0.246052488376,-0.288434155997,-0.408028798045,-0.337283291571,-0.248021804606,-0.270999310086,-0.394633329505,-0.0770358524787,-0.310181201239,-0.254134822885,-0.258063041378,-0.129405007036,-0.310652003393,-0.388066640248,-0.308958998224,-0.209377527627,-0.213541831724,-0.227709521805,-0.480516188703,-0.222422559376,-0.508202174565,-0.248960522755,-0.287823053173,-0.343383934371,-0.432017079614,-0.284607396097,-0.377292198058,-0.112690941895,-0.34693637463,-0.343836964068,-0.293164158145
14,-0.296853820591,-0.32463341896,-0.178566017587,-0.234858114921,-0.211001262991,-0.313408145195,-0.106855149986,-0.00789545398918,-0.158391669869,-0.120003981323,-0.170224680208,-0.233794830246,-0.0796234742132,-0.00767334417716,8.31161415832,-0.136476167653,0.0481132297372,0.140330109679,-0.158261203619,-0.282524021414,-0.122602165276,-0.118817876912,-0.192089755294,-0.141549011174,-0.32463341896,-0.350694093929,-0.273962592094,0.111144096911,-0.341754315986,-0.242931891546,-0.302491877881,-0.221050320697,-0.223461116344,-0.189211825567,-0.304987558925,-0.138242632074,-0.175396827762,-0.139757159809,-0.299533701571,0.188408257815,-0.273962592094,-0.186272388132,-0.229847004321,-0.180029676049,-0.165193188118,-0.235529755153,0.00317614240684,-0.330473125561,-0.202959256612,0.148710121084,-0.219170229399,-0.259296507813,-0.236565336682,0.104399693149,-0.202458009196,-0.272261779419,-0.0768301018965,-0.102971990021,-0.282998452063,-0.338540113026,0.149030188123,-0.28959408078,1.19128352371,0.79091069853,0.271576164637,-0.275944999432,-0.22736689944,-0.189238007827,-0.205585738181,0.254320702628,-0.335648779631,-0.183642245481,-0.198658051116,0.283067259763,-0.0928530972458
15,-0.334079502744,-0.0370309218311,-0.179444966725,-0.393487171651,-0.480348075193,-0.422482706903,-0.229683169194,-0.326418099619,-0.158391669869,-0.395161625902,-0.242652545085,-0.144436691843,-0.306956116947,-0.171460229215,-0.249248884311,8.47190883646,-0.279949830004,-0.0356708024419,-0.224444181023,-0.336915404763,-0.327694701275,-0.251560012109,-0.358340361624,-0.185750973962,-0.0370309218311,-0.371330633794,-0.369874593445,-0.123375023441,-0.286106949192,-0.236193824108,-0.300760005898,-0.202422266279,-0.112515396413,-0.244544637384,-0.350935168471,-0.263852554754,-0.200008448922,-0.265664085361,-0.316978195166,0.95285855162,-0.369874593445,-0.273688783243,-0.179214996231,-0.360711895595,-0.246052488376,-0.288434155997,-0.469747019814,-0.249133727031,-0.2381835875,-0.282238867593,-0.220892144022,-0.322956928097,-0.310181201239,-0.11943094794,-0.268766357432,-0.399177826591,-0.334525452237,-0.299407553389,0.0198745864793,-0.257987102777,-0.213541831724,0.188581145922,-0.489058292763,-0.331119206418,-0.484249342172,-0.268981263515,-0.189854423097,-0.354669305837,-0.335426259421,0.0438738441422,-0.446754437754,-0.21996255565,-0.342843585942,0.0483650476051,-0.274495167269
16,-0.199026139293,-0.228429025565,-0.00365513928534,-0.286253580857,-0.167814110511,-0.140328322217,-0.155637909388,-0.269603325863,-0.158391669869,-0.303612418855,0.130830902714,-0.180674908208,0.217724164952,-0.0907974438087,0.0648397840207,-0.146568876977,8.39506737387,0.502839451062,-0.0543790618699,0.138357545591,0.150563637991,0.206726769405,-0.150733883073,-0.19079139541,-0.228429025565,-0.177382136249,-0.0892478840008,-0.191314924799,-0.336845018184,-0.197253044758,-0.12064531969,-0.291836927486,-0.328243185167,-0.135550434138,-0.322036764693,-0.10588246539,-0.209325705503,-0.020070776545,-0.110186434408,-0.176625484078,-0.0892478840008,-0.291260361654,-0.0530640608183,0.113631823636,-0.246052488376,-0.117132255675,-0.0151477560942,-0.171084633428,-0.177133936709,-0.252427321063,-0.310431704429,-0.142440393867,-0.272501043077,0.179009906845,-0.187316732827,-0.3459549681,-0.204384991028,-0.313438665058,-0.263960718212,-0.159031896221,-0.120688021764,1.01544205996,-0.243113356065,0.354370938636,-0.0833453664345,-0.268110796525,-0.00752634040853,-0.116626703042,-0.152070388211,0.0421201203215,-0.129552024487,-0.168438394713,-0.231059294897,-0.104664233582,-0.247252862987
17,-0.320671200168,-0.214532133545,-0.141650153825,-0.211338155932,-0.29825693841,-0.331401592138,-0.235781014119,-0.218701401864,-0.158391669869,-0.336763942298,-0.161498431428,0.000516173618472,0.347381565751,-0.171924462859,0.129734136982,0.0697283245619,0.476364260739,8.42025361722,-0.0753230420612,0.34601793889,-0.274457915335,-0.211084541377,-0.202842282072,-0.188275552469,-0.214532133545,0.364764250036,-0.236511843718,-0.150673083935,-0.288271542579,-0.123746854524,-0.0695550961979,-0.297959887981,-0.237549461732,-0.252989708822,-0.379833572249,-0.158358411364,0.0112119998166,-0.016133724464,-0.316364569763,-0.139362895556,-0.236511843718,-0.10415395636,-0.223839816921,-0.0717049729951,-0.162375493388,-0.288434155997,-0.204217072445,-0.247603352647,-0.0515209861594,-0.132497825911,-0.226918845203,-0.165113968214,-0.0929969562788,-0.286979536523,-0.260891153344,-0.129405007036,-0.236273713311,-0.0775406001208,0.219770791917,-0.322568395477,-0.0331401438004,-0.29710863437,-0.239730344556,-0.228558660419,-0.137545206155,0.257651265179,-0.233211866684,-0.0300180382991,0.37694200576,-0.0666107565628,-0.399513329682,-0.150700568816,-0.269429188849,-0.0195524423601,-0.282667858554
18,-0.234311146074,-0.370859535235,0.0235922839678,-0.154716032443,-0.35554601823,-0.188310847399,-0.108597391394,-0.216130597621,-0.158391669869,-0.382241032149,-0.21385592411,-0.139133538228,0.215131016936,-0.102534671786,-0.0935024372043,-0.0485999916459,-0.00355714005656,0.00110550755348,7.97973173951,-0.084942542601,-0.113002089123,0.0465657669388,-0.358340361624,-0.196495719857,-0.370859535235,0.198622615529,-0.220008124095,0.180043355028,-0.307060213179,0.0197652311715,-0.20204330288,-0.232146161807,0.066230485698,-0.211380138091,-0.297315416329,-0.267849472639,-0.021310499573,-0.260860881822,0.311461878116,-0.0585545654117,-0.220008124095,0.0318271027017,0.527916777781,2.08124850019,-0.246052488376,0.412708505786,0.506250446707,0.28955805627,-0.263719031363,-0.150018570273,-0.237250332943,-0.016863674402,0.0605147991949,-0.194041161637,-0.200021481964,-0.357453196121,-0.119922969846,-0.397449946177,-0.183483025114,0.0388785168906,0.117194596136,-0.17457894106,0.0266818117708,-0.273089222272,-0.346476846367,0.19410717494,-0.195961105292,0.368031885521,-0.227518258661,-0.0122453181207,1.27495919575,-0.269797399835,-0.366564707047,-0.381664426833,-0.254784558876
19,-0.296765608074,0.122783336402,-0.12143432367,-0.253151416356,-0.188085631063,0.443173457226,0.00551942077801,-0.345836240997,-0.158391669869,-0.042650426622,-0.232181046549,-0.138249679293,-0.275838340755,-0.14957117495,-0.286801083224,-0.228702649403,0.116423210142,0.352231705367,-0.154910166788,8.35180398013,-0.0152558591998,0.728120467652,-0.160659292406,-0.190118756846,0.122783336402,-0.20886160384,-0.362638347148,-0.207187918442,-0.194587940787,-0.0379896325839,0.425760290876,-0.273532839231,-0.344973095316,-0.237946925323,-0.0824954236454,-0.100634870793,-0.108330160102,-0.250939510578,-0.365629923534,-0.165629966154,-0.362638347148,0.0247631515816,-0.261427646656,-0.370021049764,0.000709262147987,-0.244533064333,-0.432932641917,-0.324581184181,-0.149903157219,-0.274065440349,-0.332988785994,-0.0691873075122,-0.237088672212,0.12467420774,-0.226997319173,-0.22957896328,-0.316426447698,-0.0547400436585,-0.228481305126,0.00415739178327,-0.222827212721,-0.185846437792,-0.0959523554272,-0.0769093060785,0.463898176548,-0.453520265305,-0.142745731876,-0.064136603198,-0.294193120919,-0.275128518846,-0.389335712144,0.152531788175,-0.342502520218,-0.182038589239,0.0457621568961
20,-0.153155630479,-0.212637102815,-0.266021456739,-0.249666977987,0.213819298138,-0.372529470865,-0.06417023551,-0.206704315399,-0.158391669869,-0.2798113251,-0.193785551915,-0.0781472716624,0.805504381906,-0.086943428652,-0.0831193407305,-0.173888797042,0.172472424834,-0.227432990275,-0.138992741843,0.0288796813411,8.34466500179,0.521826132953,-0.148252530739,-0.188511412744,-0.212637102815,-0.148525957624,0.175446388422,-0.193931352323,-0.268443867154,0.0206403048648,0.396318467169,-0.211331335784,0.0371732733352,-0.152264638026,-0.125118438067,-0.0639017086108,-0.0362532695628,-0.175978038954,-0.291644232106,-0.183257701239,0.175446388422,0.137786369503,-0.220407138406,-0.0497015176874,-0.246052488376,-0.237840338925,-0.239199060493,-0.224647736881,0.0345634135177,-0.0580346623769,0.0615018541862,-0.237058963741,-0.218597483485,-0.159979977123,-0.153901502219,0.0491659584433,-0.173358126104,-0.249421718067,-0.381475457166,-0.080041336602,-0.117150733765,-0.00816668163147,-0.0638137460926,-0.273527515203,-0.163770935052,-0.362991698389,-0.0293359196775,-0.173490977874,0.594512608919,0.292902626684,-0.203339751638,-0.198001437873,-0.202921372666,-0.130455685468,-0.168971300387
21,-0.266949777345,-0.305493608587,-0.207571339115,-0.211338155932,-0.0162183916021,-0.197735986274,-0.315227222288,-0.304823343983,-0.158391669869,-0.341014137611,-0.0977968153314,-0.0701925412408,-0.200637048292,-0.111206205889,-0.153205241929,-0.172583705319,0.154957045243,-0.238816133845,-0.0568923394929,0.69704220204,0.449038732934,8.39669890096,-0.230137157738,0.528556238913,-0.305493608587,-0.23859221212,-0.167957931436,-0.190617210793,-0.336524658363,-0.183251865666,0.0369550307429,-0.296291462238,-0.0218216729773,-0.2037267921,-0.102102010279,-0.0140495599355,-0.24105711707,-0.224010074343,-0.291644232106,-0.222099804638,-0.167957931436,-0.207464241492,-0.170633299944,-0.0970935752733,-0.111144680131,-0.288434155997,-0.423437530875,-0.259846347722,-0.227906164273,-0.196448542829,-0.317319362922,-0.268278731497,-0.295876696751,-0.07725995759,-0.21890456801,-0.358759812941,-0.252131888717,-0.343693249594,-0.389661682722,-0.298958030404,-0.303088277407,0.70341907353,-0.147543280938,-0.283257618285,-0.414663741499,-0.271592664484,-0.251706389904,-0.226855912716,-0.238045868491,-0.112207575901,-0.205036021227,-0.00879796164463,-0.342161454494,0.23062464093,-0.26992807508
22,-0.301088021405,0.179002581393,-0.0572710366543,-0.260120293093,-0.114931882985,-0.163462754002,0.789528054018,-0.331988175478,-0.158391669869,-0.349514528237,-0.345971330645,-0.279578723118,0.0241024464258,-0.146330298568,-0.16704937056,-0.228702649403,-0.142804407806,-0.171392898854,-0.397860337007,-0.129255011464,-0.161002469888,-0.172785171222,7.91283408266,0.00704296254504,0.179002581393,-0.392491831452,-0.308874306683,-0.207187918442,0.521459551649,-0.280910089834,-0.141427783483,-0.234413924954,0.186861943083,-0.229413884391,-0.197577562583,-0.123374447381,-0.216006002675,-0.281018588477,-0.25745653109,-0.16938240481,-0.308874306683,-0.304416970615,-0.328536511617,-0.270582357507,0.224417146706,2.26914305346,1.28918065539,-0.115225968398,-0.135848561353,-0.0571586251589,-0.0478397243883,-0.322956928097,0.101509415713,-0.175388608212,-0.226127130876,-0.133760396438,-0.334525452237,0.273237191607,-0.357245614083,-0.203301330733,-0.132184207759,-0.0255012919886,-0.273560459645,0.0440595430488,-0.191745045875,-0.295965740192,-0.21602591822,-0.250476457646,-0.191548925074,0.00616878199682,-0.271190535224,-0.313381772038,-0.151761514065,-0.301538982975,-0.268005088896
23,-0.347928867905,-0.227165671745,-0.12143432367,-0.191302635313,-0.290324604281,-0.420254946805,-0.31574989471,-0.348398475892,-0.158391669869,-0.353679719644,-0.244397794842,-0.253593270407,-0.354497163906,-0.155001832671,-0.286541505813,-0.218000897276,-0.356903650237,-0.327771022713,-0.397860337007,-0.330572639612,-0.374700165057,0.414761984565,-0.165621997072,8.53907004845,-0.227165671745,-0.383485206003,-0.0974997438126,-0.207187918442,-0.344377803171,-0.223242733448,-0.345355709455,-0.298316250761,-0.475290290155,-0.267328736367,-0.414102475844,-0.0962618752948,-0.148763537721,-0.320042648704,-0.280248331767,-0.225232654586,-0.0974997438126,-0.29691152255,-0.247439481709,-0.367059046165,-0.246052488376,-0.288434155997,-0.484905881301,-0.345929906843,-0.238007905052,-0.287556413507,-0.366221738222,-0.322956928097,-0.262296000242,-0.215126656812,-0.265007143989,-0.326878362519,-0.331655467232,-0.302038386827,-0.397224855171,-0.277170524399,-0.10477022577,-0.269832624973,-0.397886132598,-0.307802022456,-0.188248282022,-0.43558864532,-0.31983951554,-0.280220847558,-0.389117069556,-0.222867548989,-0.383568395539,-0.295306082791,-0.0511471254813,-0.39051949198,-0.293164158145
24,0.0100375258787,5.93989600071,-0.128465916767,0.461158449208,-0.292087345199,0.0156148846235,-0.201807306679,0.26889446944,-0.158391669869,0.265913753119,0.556671843196,-0.0348381838111,0.0171873850499,-0.166458768637,-0.269409396631,0.239390248536,-0.156816711479,-0.11097467529,-0.38988486935,0.350362298582,-0.155766064714,-0.209343660915,0.369522989473,0.0105371888524,5.93989600071,-0.124041927276,-0.137489525977,0.00823128098876,0.312792749137,-0.061616622302,-0.342931088679,0.362898689536,-0.0482373205799,0.290221917524,-0.0449871709546,0.0156868094498,-0.182692415463,0.0271738484275,0.126497649545,-0.168247946612,-0.137489525977,-0.257971492001,-0.319096645701,-0.254502909398,-0.246052488376,-0.288434155997,-0.00598580684366,-0.259846347722,-0.15605204291,-0.0536544762867,-0.0134014319239,0.047668806434,-0.270494923545,-0.235482269461,-0.0642721076214,-0.346042075888,-0.189733415925,-0.188035604515,-0.0502188881548,-0.277083721586,-0.309048607684,-0.277286507426,0.182300341181,-0.199631326932,0.603768730665,-0.304670410088,-0.138383816022,-0.181364492851,-0.046794289908,-0.115715023543,-0.387045748198,-0.254255685716,-0.0357991679008,-0.170002578359,0.415936997437
25,-0.109931497174,-0.182948288044,-0.187355508959,-0.167782676325,-0.133440662619,0.0344651623734,-0.149540064463,-0.260691204489,-0.158391669869,0.121407112469,0.0601482875933,-0.191281215437,-0.0485056980215,-0.135118618112,-0.299606902209,-0.207647169607,-0.147183252704,0.422281819644,0.168464887365,-0.15445229768,-0.139184114995,-0.154505926375,-0.358340361624,-0.187498087115,-0.182948288044,8.35180472153,-0.160975588518,-0.182157428467,-0.271734049102,-0.0178629376388,0.0767880863467,-0.204042097098,-0.336167879448,-0.134670739197,0.745243516417,0.00781541755374,-0.19244916528,-0.284010748058,-0.118075903873,-0.141195481877,-0.160975588518,-0.0414613901694,0.0936829456818,0.428450491885,0.153547855033,-0.288434155997,0.347998596016,-0.17184982062,-0.149024744977,-0.181555910122,-0.306126917871,0.46364168966,-0.211619676418,-0.16808978296,-0.170435079864,-0.122436383993,0.0593433608253,0.298668581507,-0.281267748986,0.0709955576149,-0.202045645729,-0.0237678309529,0.337073117713,-0.147912761001,-0.262554513897,-0.0818308607561,-0.0773169940692,-0.250476457646,0.0111075641585,-0.13237539984,-0.0846008803613,-0.238291642409,-0.214858673007,-0.211268901376,0.0273335392934
26,0.0135660265567,-0.114095504853,0.457793157743,0.134492352151,0.431517801455,0.130430212737,-0.0911749773216,-0.0893042549977,-0.158391669869,-0.245809762595,-0.0541655714295,-0.166533165236,-0.0554207593974,-0.0514689709588,-0.16704937056,-0.185286598089,0.0682559162669,-0.108347796004,-0.158261203619,-0.283653554934,0.410638428321,0.0126185979378,-0.237581214738,0.221937880445,-0.114095504853,-0.0610829920943,5.94603543062,-0.196722208348,0.434875816167,0.154526579934,0.508024210058,-0.218620574469,0.387620864863,-0.169858536855,-0.198430022871,0.180111440169,-0.0468011072026,-0.274010635772,-0.0198958394187,-0.146693240839,5.94603543062,0.147499302294,0.00529147393029,0.0400048770288,-0.246052488376,-0.288434155997,-0.0767826874157,-0.135120835395,-0.0576698718506,0.0260649105562,-0.183010022311,0.085167410163,0.0971482862965,-0.165656841209,-0.0825460618598,0.378433397229,0.0222834943884,-0.0626325439723,0.229289658843,-0.0765692240913,0.0384899381694,-0.234123327637,-0.29047551719,-0.312447927531,-0.0982066128094,0.697237094915,0.0387099676417,-0.0378915532757,-0.302966129111,-0.185863976371,0.0180234298134,-0.252228505614,-0.248112581098,-0.124437680028,-0.194611116182
27,-0.183147886242,-0.220848902645,-0.237982979262,-0.355681015352,-0.411953727592,-0.00409222393336,-0.326464679364,-0.247837183277,-0.158391669869,-0.414372508717,-0.121357687038,-0.284616719051,-0.401087389927,-0.15745438777,-0.0251470520853,-0.145089773024,-0.346683426246,-0.27927007484,-0.0258952488097,-0.336915404763,-0.369411395831,-0.29116504261,-0.358340361624,-0.196495719857,-0.220848902645,-0.367395700345,-0.393931938588,8.51423715972,0.137893603464,-0.270584220253,-0.401208580899,0.00572599395628,-0.475290290155,-0.158422502616,-0.414102475844,-0.270307096109,-0.24105711707,-0.324011197202,0.027440977372,-0.0550639248007,-0.393931938588,-0.317432300554,-0.328536511617,-0.377434521629,-0.246052488376,-0.288434155997,-0.484905881301,-0.366207367436,-0.265853573111,-0.281608120796,-0.40685892333,-0.206972874703,-0.29805726146,-0.144571346033,-0.268766357432,-0.149439798285,-0.286519997341,-0.404640890907,-0.346515255003,-0.356082961487,-0.291715896492,-0.250331188321,0.135783932933,-0.232065003872,-0.328993027102,-0.167136625735,-0.314387120723,-0.318363653445,-0.443228984083,-0.286703096063,-0.434965364106,-0.317098268892,-0.0255671961805,-0.383383856959,-0.284110098192
28,-0.233429020904,0.102569675282,0.139613570078,-0.152102703666,0.304600455392,-0.255143650331,0.0116172657032,-0.248694118025,-0.158391669869,-0.401281907153,0.099416407105,-0.254477129343,-0.418115728565,-0.0523448834944,-0.338344504636,-0.170147534103,-0.355003231552,-0.27927007484,-0.361752915157,-0.186600559404,-0.30613816664,-0.299808514102,0.468777082804,-0.196495719857,0.102569675282,-0.319127183373,0.169733562398,0.278595458412,8.31399574503,-0.200753339531,-0.243608230467,-0.304471607873,-0.385477088306,-0.0519794147004,-0.273446528253,0.0200598049477,-0.0283423913329,-0.27290826119,0.633176910749,0.0775804184166,0.169733562398,0.0839237422125,-0.325644479968,-0.266350923794,0.0229092812262,0.532221459499,0.197242885622,-0.188683938848,0.000305336095181,-0.191192319521,0.262965865103,0.142723406584,-0.2020251917,-0.27724776952,-0.268766357432,-0.357888735061,-0.25816489023,-0.0529861546998,-0.212904977429,-0.251042877756,-0.103001581771,-0.234990058155,-0.398731885475,-0.30841563256,-0.389312203565,0.0591847915553,-0.242459128294,-0.362980238312,-0.353849576624,-0.268990485473,-0.377037757619,-0.317098268892,-0.325875566173,0.0397678969766,-0.278421264062
29,-0.255482150142,-0.203161949164,-0.268930778383,-0.18607597776,-0.059405544082,-0.345110885047,-0.159122392202,-0.180996272976,-0.158391669869,-0.225408825091,0.0453136646667,-0.103779180799,0.313670641543,-0.167939060822,-0.282301741419,-0.163013032685,-0.257530144127,-0.157382875998,-0.0895649485913,-0.0745160793391,-0.0606380373782,-0.189323535607,-0.33815869598,-0.117613560969,-0.203161949164,-0.10830219348,-0.0702051305891,-0.175616359659,-0.243940670012,8.44847504469,0.343496371694,-0.145728187616,-0.197925990328,-0.215074856845,-0.387249976758,-0.139991830273,-0.216621293204,-0.304168454713,-0.209243106581,-0.225232654586,-0.0702051305891,0.227851746285,-0.236712361351,-0.372475281317,-0.246052488376,-0.204775088398,-0.379127012682,-0.366207367436,-0.166592989809,-0.203894859183,-0.12876971168,-0.22005378298,-0.282967753678,-0.302712559846,-0.249970290215,-0.242645131486,-0.164739552514,0.0724169058429,-0.105601386631,-0.00539091762125,-0.0189909918064,-0.215401948451,0.404733347892,-0.211026943154,-0.237202975963,-0.332525353754,-0.231728815294,-0.376050273174,-0.21786794965,-0.286703096063,-0.060853106106,-0.317098268892,-0.351114429749,-0.166563718108,-0.148940194297
30,-0.362669179488,-0.334361243374,-0.210735556009,0.216376653813,-0.173983703723,-0.276564420501,-0.148668943759,-0.352828828536,-0.158391669869,-0.273861051662,-0.251378793866,0.0561992865701,0.0111367063459,-0.0733667843496,-0.242326819995,-0.127775556167,-0.0788732722983,-0.000645745303443,-0.205175719247,0.492857296495,0.42111123867,0.132739349788,-0.110205128296,-0.140151320651,-0.334361243374,0.0901933382723,0.264947329457,-0.207187918442,-0.186795404594,0.450301488257,8.25815133298,-0.118191063694,0.528504318743,-0.215866582292,-0.00577399768695,-0.0560303167147,-0.157113909186,0.175207006675,-0.276741900894,-0.103060233202,0.264947329457,-0.10768593192,-0.317895208221,-0.0573180983708,-0.246052488376,-0.212662943343,-0.412276610879,-0.320602210782,-0.179417808537,-0.152646681927,-0.159764174898,-0.0308166432314,-0.254707635056,-0.231021876251,0.610123822606,0.0300022450748,-0.127679686077,0.239913301393,-0.0952171681669,1.00759790738,0.151683154122,-0.17457894106,0.227125243674,-0.129504457873,-0.340357509624,-0.40303317991,-0.0302083028483,-0.209359212768,0.0962057436198,-0.125360504557,-0.109196789411,-0.179418953601,-0.241291266618,-0.208689756187,-0.231548475812
31,-0.251953649464,0.143628674433,-0.271295151562,-0.209595936748,0.325753346402,-0.383668271354,-0.297107911653,0.213193710855,-0.158391669869,-0.332513746985,-0.336285194499,-0.268442100527,-0.314735560995,-0.163410593013,-0.251844658429,-0.119074944681,-0.348960425593,-0.32897063092,-0.323048439764,-0.303724496713,-0.282312523096,-0.298911960664,-0.286794702681,-0.189856689873,0.143628674433,-0.284062554195,-0.334264644565,0.126842662052,-0.344377803171,-0.13074744407,-0.20204330288,7.7946824869,-0.279814497896,-0.163700672264,-0.0611839164347,-0.256400970426,-0.1801433547,-0.184639553533,-0.0838882028579,-0.219220026134,-0.334264644565,-0.195102327032,-0.221265308035,-0.255349196141,-0.246052488376,-0.288434155997,-0.301666896292,-0.195570623578,-0.247143392364,-0.0124807270382,-0.400711688125,-0.237233375851,-0.0807857939116,-0.191608219886,-0.150420749031,-0.0213913498679,-0.304532816144,-0.319577276413,-0.397224855171,-0.0288276770687,-0.237064796915,-0.298200714822,-0.396194626843,-0.127751286146,-0.486697076869,-0.23851491888,-0.223004983586,0.339162330607,-0.320512145495,-0.257854339212,-0.234720739046,-0.197156779497,1.00786194757,-0.398841533789,3.0159745679
32,0.236743694441,-0.0705097980618,-0.219525047381,0.274740996488,-0.0382526530714,0.0378924856007,-0.16086463361,-0.168142251764,-0.158391669869,0.180909846854,-0.284800326695,-0.179791049273,0.194385832808,-0.0365784578531,-0.0935024372043,0.129762543814,-0.216369002088,-0.0995915317197,0.117361575699,-0.208322357867,0.125254346314,0.140573311865,0.263651956586,-0.196495719857,-0.0705097980618,-0.254331945915,0.220514238163,-0.207187918442,-0.25606239298,-0.0266136745715,0.585958449283,-0.124670386969,8.32992557738,-0.108279890953,0.446882415468,-0.134744235676,0.265239089643,-0.0216455973774,0.0563690320774,0.211097421787,0.220514238163,0.206659892924,-0.295582797876,0.451300233935,-0.246052488376,-0.288434155997,-0.150911185897,-0.0241686925277,-0.174498699984,0.133817488377,0.120046951376,-0.202612571943,-0.0153688526586,-0.231832856835,0.0157852157088,0.28958345343,-0.226793282362,-0.118756990649,-0.293382670527,0.336612164686,0.0986238341441,0.39572973969,0.143395708828,0.152756190091,0.00844468470481,-0.161913823797,0.0770948271551,-0.109628023063,-0.0766225177604,0.207847021379,-0.0998673066682,-0.30062743056,-0.0656424187518,0.0947896609991,-0.231227978115
33,0.196165936644,0.0394019842805,0.0728134356508,-0.351761022187,-0.252425674554,-0.367388486024,-0.172189202756,-0.245266379035,0.126755192315,-0.352234653238,-0.252251418744,-0.186861920758,-0.335480745123,-0.149045627428,-0.242326819995,-0.184242524711,-0.209362850252,-0.299672170623,-0.323467319368,-0.285999509168,-0.246530421071,-0.222835484492,-0.30184824017,-0.17448209412,0.0394019842805,-0.23859221212,-0.315221891153,-0.0772386847772,-0.11060171737,-0.2282306535,-0.32872973842,-0.188653704318,-0.293902843284,8.5074523656,0.197111550959,-0.194042054627,0.203710036744,-0.113772616074,-0.227651868667,-0.0760077684666,-0.315221891153,-0.192453345362,-0.289318159587,-0.230806880605,-0.202677066484,-0.206368594447,-0.307497227633,-0.25908116053,-0.039223214777,-0.227898278957,-0.263940009602,-0.179938997596,-0.189814029333,-0.218370579146,-0.215162758333,-0.0501369199207,0.152423955597,-0.159096436698,-0.239730875129,-0.291927002569,-0.214426153724,-0.22796954096,-0.26594868375,-0.12862787201,-0.366583238521,-0.0278619074024,-0.246210375928,-0.301916755493,-0.329285153687,-0.246192075804,-0.255924108917,-0.177729636849,-0.215711337317,0.191077748038,-0.283869724919
34,0.092957291812,-0.103356997382,-0.123192221944,-0.0336317991338,-0.144017108124,1.74555628359,-0.311220067051,-0.198991902672,-0.0877589608876,0.169009299977,0.207621891982,-0.0463283499758,-0.344988954514,-0.133892340562,-0.230213207442,-0.164231118293,-0.268039371882,-0.30081048498,-0.283087325559,0.00107577930944,-0.0868200632504,0.0108777174762,-0.148252530739,-0.196495719857,-0.103356997382,0.796732499753,-0.240955152847,-0.207187918442,-0.201514639626,-0.274697066612,0.0135747589754,0.0308333716501,0.414036512466,0.341244224128,8.11050040843,-0.219055588874,-0.150521510661,-0.179915091035,-0.172425582411,-0.201321766401,-0.240955152847,0.189000015124,-0.168058791058,-0.123328464294,-0.206348608101,0.0645274339687,-0.18422736499,-0.132060086626,0.301600734965,-0.204770896401,-0.0779732302947,-0.279877136836,0.389343957227,-0.198907045138,-0.110392087366,0.679826343843,-0.141469403821,-0.15646560326,0.788306752838,0.141305835957,-0.143680393754,0.130510201226,-0.252416637714,-0.234694761462,-0.20660629225,-0.286390603307,-0.120936152607,-0.275846672571,0.11726096328,-0.174464771537,-0.292393905095,-0.114380258647,-0.133855563554,-0.162265142793,-0.224657775317
35,-0.211375891666,-0.170314749844,-0.216097145746,0.333105339162,-0.0699819895873,-0.375956794092,-0.283344204536,-0.313821158832,-0.158391669869,-0.404852071216,-0.199893926062,-0.179791049273,-0.342395806499,-0.00854925671279,-0.210312272534,-0.222281598127,-0.197977853518,-0.223930484561,-0.395506233634,-0.168354248696,-0.176711685412,-0.0526644193719,-0.21938463096,-0.0226579610672,-0.170314749844,-0.114423201067,-0.0746484397185,-0.207187918442,-0.0569198013709,-0.171875907653,-0.189054263009,-0.291593952863,-0.338809444208,-0.212787649997,-0.364148302942,8.47568389957,-0.224971664669,-0.219285611846,0.720837682584,-0.129240037784,-0.0746484397185,-0.0838450968901,-0.132873836283,-0.325421738428,-0.246052488376,-0.141034846418,-0.415774809684,-0.273619717181,-0.172741875501,-0.265129860725,-0.393427989269,-0.270807707097,-0.310181201239,-0.267272708341,-0.20419838579,-0.0571055429637,-0.219036566131,-0.0214161534443,-0.266556772828,-0.257119074649,-0.0242969238042,-0.239757076003,-0.283709494172,-0.299562115342,-0.417286314389,-0.388235241087,-0.133149516998,-0.190112842825,-0.333671657783,-0.23996635624,-0.370931187096,-0.255100344092,-0.233617287827,-0.349854969507,-0.29219465261
36,0.101778543507,-0.334929752593,0.159829400233,-0.383904966138,-0.261239379141,-0.34425405424,-0.220100841454,-0.182710142471,-0.131010595029,-0.352999688394,-0.201639175818,-0.20719067628,-0.369364545865,-0.150184313725,-0.276331460947,-0.188070793764,-0.331007161512,-0.0847058824358,-0.188420535094,-0.205715742051,-0.179329887999,-0.307703406995,-0.334767514458,-0.104772279289,-0.334929752593,-0.344135871514,-0.261267423153,-0.207187918442,-0.134845163305,-0.277934839277,-0.318511693722,-0.248344469997,0.0318901438146,0.155628591482,-0.326299066136,-0.254301932587,8.54880758281,-0.164954293127,-0.303916740163,-0.173047577452,-0.261267423153,-0.183623406462,-0.243835169268,-0.0175426214684,-0.212325536315,-0.0390504592492,-0.385790248501,-0.151954953623,-0.217540899822,-0.185936096213,-0.306126917871,-0.224414085739,-0.102591440996,-0.172955666461,-0.192711900268,-0.0963040475811,-0.294707642251,-0.378683334319,-0.227615953587,-0.352081351818,-0.145449037753,-0.252411341564,-0.468168196695,-0.284484838494,-0.40941859572,-0.403903646899,-0.290701917637,-0.26272414761,-0.322266747133,-0.15692753333,-0.381448058552,-0.264729449579,-0.292451125219,-0.362148894906,-0.29153763233
37,-0.235193271243,-0.0951451975523,-0.137255408139,-0.272315827383,-0.356427388689,-0.309123991161,-0.248847824673,0.657085910038,-0.158391669869,-0.320613200107,-0.109140938746,0.15784306418,-0.241263033876,-0.162534680477,-0.138495855257,-0.164231118293,-0.0245755955659,0.00635926612426,-0.330672048553,-0.256284088871,-0.218602926807,-0.197157497684,-0.313179749158,-0.192092994709,-0.0951451975523,-0.348070804963,-0.361241878565,-0.207187918442,-0.288184958843,-0.280210030879,0.147794837641,-0.161116580396,-0.137170000842,-0.0546184995247,-0.258102243061,-0.153985415866,-0.0635018501324,7.55009296489,-0.331091579432,-0.0829890496886,-0.361241878565,-0.217177174282,-0.228988834693,-0.218958866209,-0.146152402524,-0.203978335373,-0.391620579842,3.23017243585,-0.233088796499,-0.170167426288,-0.399213622403,-0.266272992227,-0.140969379864,1.80583695766,-0.249622214897,-0.226094651759,-0.147502405334,-0.366581500505,-0.218097086661,-0.182468655669,-0.0260655678034,-0.00556649007789,-0.451168563863,-0.302367190104,-0.368331620448,-0.322950216869,0.0299861359341,-0.359393414823,-0.178389412786,0.0228291582936,-0.275431209198,-0.0704580230941,-0.205479365597,-0.27574753109,-0.293164158145
38,-0.112577872682,0.00339640040976,-0.100339544377,-0.179107101023,0.212937927679,0.0438903012484,-0.230554289898,0.00495856722269,0.128499209821,0.184310003105,0.167481147592,-0.0763795537909,-0.127164521173,-0.112607665946,-0.240596303916,-0.145089773024,-0.0718671204618,-0.251250029129,0.283237898814,-0.30163920406,-0.273585181139,-0.198898378146,-0.222693100738,-0.0759449122539,0.00339640040976,-0.110051052791,-0.125429115483,0.21928976788,0.677310275517,-0.110620749125,-0.278245670122,-0.0112822296427,-0.01565802187,-0.115317450485,-0.191610340564,0.849179751338,-0.143489618901,-0.261018363905,8.36485698656,-0.0733897880084,-0.125429115483,-0.139473711961,-0.261942548433,-0.378373899913,-0.201054757398,-0.288434155997,-0.237533251538,-0.253724850184,0.0398338869673,-0.205559329897,-0.108106736201,-0.28903377263,-0.226360293847,-0.0813148605083,-0.0616615427302,-0.23045004116,-0.189733415925,0.00313829197666,-0.299440131298,0.0657873888488,-0.179053273739,-0.143376642417,-0.046898688548,-0.176840094488,-0.291402815683,0.161899896325,-0.141000965535,0.427520665345,-0.0546899972807,-0.0674876184732,0.123192144372,-0.120292867279,0.380301015393,-0.237920068324,-0.152145171272
39,-0.33275631499,-0.335624597194,-0.254858802696,-0.354984127678,-0.47955484178,-0.172887892877,-0.272890756093,-0.265832812974,-0.158391669869,-0.389976387619,-0.25835979289,-0.233087743098,-0.404977111951,-0.0937755464299,0.0691660742181,0.945879901188,-0.313842089513,-0.249849026844,-0.237848328346,-0.277571451364,-0.340698440791,-0.304578526566,-0.305404845181,-0.196495719857,-0.335624597194,-0.308284255647,-0.344420779718,-0.0371201294177,-0.0439322410486,-0.30226188795,-0.279977542105,-0.298891290702,-0.0350294967786,-0.139069213904,-0.390745063941,-0.174101195156,-0.188493726165,-0.19566329936,-0.248690453907,8.50136887287,-0.344420779718,-0.244285086706,-0.308026257492,-0.347340565062,-0.211386304738,-0.215690604837,-0.384124439546,-0.324428146742,-0.124429202212,-0.280364147947,-0.405490001204,-0.266272992227,-0.248078718343,-0.287547222932,-0.267078192136,-0.285327947625,-0.292466813118,-0.316069498496,-0.122908417405,-0.225870062053,-0.095927005774,-0.151177217078,-0.271868953891,-0.157555205497,-0.497974140295,-0.327302551817,-0.260953651514,-0.217232727744,-0.259978388971,-0.224358214236,-0.364230922217,-0.213205288642,-0.297908176804,-0.380632768758,-0.281225618915
40,0.0135660265567,-0.114095504853,0.457793157743,0.134492352151,0.431517801455,0.130430212737,-0.0911749773216,-0.0893042549977,-0.158391669869,-0.245809762595,-0.0541655714295,-0.166533165236,-0.0554207593974,-0.0514689709588,-0.16704937056,-0.185286598089,0.0682559162669,-0.108347796004,-0.158261203619,-0.283653554934,0.410638428321,0.0126185979378,-0.237581214738,0.221937880445,-0.114095504853,-0.0610829920943,5.94603543062,-0.196722208348,0.434875816167,0.154526579934,0.508024210058,-0.218620574469,0.387620864863,-0.169858536855,-0.198430022871,0.180111440169,-0.0468011072026,-0.274010635772,-0.0198958394187,-0.146693240839,5.94603543062,0.147499302294,0.00529147393029,0.0400048770288,-0.246052488376,-0.288434155997,-0.0767826874157,-0.135120835395,-0.0576698718506,0.0260649105562,-0.183010022311,0.085167410163,0.0971482862965,-0.165656841209,-0.0825460618598,0.378433397229,0.0222834943884,-0.0626325439723,0.229289658843,-0.0765692240913,0.0384899381694,-0.234123327637,-0.29047551719,-0.312447927531,-0.0982066128094,0.697237094915,0.0387099676417,-0.0378915532757,-0.302966129111,-0.185863976371,0.0180234298134,-0.252228505614,-0.248112581098,-0.124437680028,-0.194611116182
41,-0.20431889031,-0.328991989639,-0.0493604944196,-0.294093567187,-0.0382526530714,0.0635974098053,-0.0659124769172,-0.233269292571,-0.0895029783933,-0.293411950103,-0.208620174842,-0.0525153625259,-0.271516427395,-0.143965334722,-0.205120724297,-0.178239102785,-0.329255623553,-0.117104060289,-0.0594056171158,0.00715788287887,0.0746357629614,-0.191934856299,-0.339151236913,-0.168803976371,-0.328991989639,-0.111799912102,-0.0619532707774,-0.199809592826,0.0565048921105,0.245534244034,-0.188188327018,-0.18541404268,0.0547837050702,-0.157542807674,0.082029412021,-0.0315415419268,-0.100419281872,-0.227947126424,-0.217132576047,-0.14555878264,-0.0619532707774,8.50503647127,0.200095979635,-0.111480449898,-0.221547082701,-0.288434155997,-0.254191341084,-0.204752869884,-0.0190197332201,-0.0361337319256,-0.340995688992,-0.305254098895,-0.292736683571,-0.183498414049,-0.166084138378,-0.189509380782,-0.20266127631,0.0873249619914,-0.0502188881548,-0.10695020856,-0.0861994637781,-0.0272347530243,-0.39112010958,-0.255294529248,-0.217970774772,-0.314245546973,-0.159321012121,-0.116626703042,-0.262610291428,-0.0771330994871,-0.26694986125,-0.0535648555737,-0.272839846089,-0.320280771345,-0.233311213148
42,0.0850181652865,-0.369924653408,0.0279870296537,-0.00140074422418,-0.344088202266,0.216113293419,-0.059814631992,-0.31090758069,-0.158391669869,-0.420067770437,-0.167606805574,-0.28656120871,-0.412756555999,-0.169165338372,-0.241461561956,-0.0773120095492,-0.0815005792369,-0.229184243132,0.438223352229,-0.268969619173,-0.272712446943,-0.147542404529,-0.358340361624,-0.113944623346,-0.369924653408,0.0377275589544,-0.154628004048,-0.207187918442,-0.341459931286,-0.20862900277,-0.390470974606,-0.203232181689,-0.441478261224,-0.249294990068,-0.254692401908,-0.0708985014074,-0.154301152482,-0.232671588921,-0.333195437956,-0.204376076935,-0.154628004048,0.219021807385,8.25315977494,0.794892651433,0.132201682842,-0.288434155997,-0.300833991814,-0.0815577319418,0.179501433382,-0.182431947341,1.26339826119,0.645030284443,-0.29858059699,-0.261271452022,-0.257366890741,0.186796263544,-0.327518551908,-0.228375050564,-0.323237298612,-0.165108093115,-0.0110320938098,-0.248944419492,-0.441273255199,0.0300341692369,-0.250315840412,-0.198473437359,-0.120936152607,-0.123625383022,-0.144174680838,-0.196386319296,-0.305115927017,-0.0898851657426,-0.328945157689,-0.335239813439,-0.289222036466
43,0.137063550287,-0.282121562916,-0.0440867995964,0.0282169819089,-0.227747301708,-0.0555020723424,-0.132117650391,-0.146718883077,-0.140602691311,-0.159955817267,-0.220836923135,-0.114385488028,-0.350175250546,-0.0921113126122,-0.135034823099,-0.207386151263,0.149702431365,-0.0155313945873,2.04001895726,-0.325185633593,-0.0405651508762,-0.0152354894477,-0.249987976404,-0.18164525805,-0.282121562916,0.444337348668,-0.0854393333185,-0.203053962955,-0.226623922916,-0.292986106801,-0.0695550961979,-0.183794211861,0.39114295121,-0.132911349314,-0.154102087873,-0.212408635717,0.136907065025,-0.17282839729,-0.398038110882,-0.19006445043,-0.0854393333185,-0.0432273779494,0.864319272214,8.08142150527,-0.246052488376,-0.0310829290017,0.248050058738,0.506106031659,-0.145511096011,0.0593543248422,-0.2785762839,0.141851346032,-0.0206022079588,-0.224534031582,-0.14781018414,-0.200833393227,0.0627907902613,-0.343605555146,-0.292517318989,-0.319617099843,-0.102117259771,-0.272692835682,-0.440342927034,-0.260203410082,0.114221791256,-0.424794854649,-0.125298068461,0.00147602160763,-0.123119461177,0.0456275679629,-0.244898356584,-0.255015878255,-0.307884349231,-0.231902062884,-0.265681480589
44,0.118538921728,-0.376873099418,-0.241938250379,-0.0763161691491,-0.473385248568,-0.440733203088,-0.351640067698,1.11126132619,-0.158391669869,-0.344414293862,-0.359584278742,-0.253593270407,-0.303498586259,-0.173220813412,-0.259026300157,-0.228702649403,-0.362622421674,-0.250199277415,-0.397860337007,-0.0858114145395,-0.382676955606,-0.170173850529,0.0974013502559,-0.196495719857,-0.376873099418,0.0167412472272,-0.401549039953,-0.207187918442,-0.0716390364029,-0.30226188795,-0.401208580899,-0.304471607873,-0.475290290155,-0.244808545866,-0.374463072432,-0.270307096109,-0.206337151505,-0.231884178505,-0.355022970142,-0.189802652385,-0.401549039953,-0.29956050422,0.0516326338777,-0.381445920789,8.29241638788,-0.288434155997,-0.4555876437,-0.366207367436,-0.265853573111,-0.0860678533546,-0.115855352006,-0.194764026977,0.614378235137,-0.258108627745,-0.268766357432,-0.40902100664,-0.318408719624,-0.154711714301,-0.164445291262,-0.363886534354,-0.2705806007,-0.0749049315065,-0.517137288287,-0.130381043736,-0.161148362162,0.967081861684,-0.251619151587,-0.383451377252,-0.449475365916,-0.174464771537,-0.227087525893,-0.271909045775,-0.280513824879,-0.401265930266,-0.293164158145
45,-0.36486567116,-0.376873099418,-0.0845184599074,-0.409080033351,-0.430462507226,-0.490772122206,0.737260811802,-0.354097091962,-0.158391669869,-0.410037309498,0.219838640274,-0.244577909262,-0.439206665762,-0.173220813412,-0.283513102674,-0.228702649403,-0.17433209107,-0.336010667405,0.339367765726,-0.289040560952,-0.327258334177,-0.307703406995,2.29670663499,-0.196495719857,-0.376873099418,-0.392491831452,-0.401549039953,-0.207187918442,0.547434672294,-0.210379150157,-0.318858068118,-0.304471607873,-0.475290290155,-0.198888469922,-0.0364625680703,-0.108506262689,0.0340656480363,-0.240545693084,-0.401220196899,-0.14555878264,-0.401549039953,-0.324902428864,-0.328536511617,-0.108095302927,-0.246052488376,7.67909609154,2.33031125203,0.0997916326069,-0.265853573111,-0.287556413507,-0.196785339297,-0.208716995806,-0.25505652541,-0.302712559846,-0.268766357432,-0.196478003825,-0.213003564618,-0.425687558411,-0.00175920198806,-0.328557789558,-0.258995982505,-0.225976060769,-0.310773586243,-0.331119206418,-0.532679521535,-0.376919170223,-0.263658039343,-0.206734707775,-0.345076568432,-0.286703096063,0.28603402498,-0.2618576111,-0.0264198604905,-0.401265930266,-0.293164158145
46,-0.229018395056,-0.0136588761606,-0.037934155636,-0.203498169603,0.353075830624,-0.178028877717,0.497702618312,-0.159572904289,-0.158391669869,0.103556292153,0.340260873443,0.039405966791,-0.193721986916,-0.0923740863729,0.16607497464,-0.212867536499,0.131311282795,-0.0409245610127,0.599073120099,-0.282697795801,-0.125220367863,-0.243464917962,1.40341979501,-0.196495719857,-0.0136588761606,0.481937823846,-0.0905174008949,-0.207187918442,0.364742990427,-0.191127528905,-0.32569896245,-0.126290217788,-0.122201133867,-0.102122026363,-0.106364311721,-0.197715370845,-0.136457727141,-0.235821230586,-0.14086770455,-0.119640776104,-0.0905174008949,-0.08031312133,-0.138881023684,0.363286412704,-0.215997077931,2.40459106767,7.84413889188,0.347712282876,0.00294057281999,-0.0519024018506,0.0244806897869,0.17411758645,-0.171497285782,-0.255594587936,0.0392802997296,-0.281843636103,0.725559099331,0.0136616257285,-0.108197441247,-0.263195271543,-0.108307513769,-0.22892294453,-0.242267603188,0.0309107551002,0.270701973674,0.155806627398,-0.0241016206529,-0.0711352831772,-0.199444632447,-0.0166296276725,0.174080232062,0.117056136382,0.192714867187,0.160987720839,-0.230266485022
47,-0.0446542346304,-0.289070008926,-0.194035522402,-0.192173744905,-0.322935311256,-0.237150203388,-0.119050839837,1.03413719892,-0.158391669869,-0.26366058291,-0.144918558745,-0.206306817345,-0.315599943667,-0.140111319565,-0.300558686052,-0.0955832936696,-0.139301331888,-0.200288570993,0.32009930395,-0.289648771309,-0.221221129394,-0.186712214914,-0.0870458398517,-0.173346470571,-0.289070008926,-0.170386699007,-0.209851988942,-0.207187918442,-0.143503536853,-0.30226188795,-0.349598795813,-0.12386047156,-0.0816971408765,-0.166339757089,-0.153249627585,-0.164480605061,0.00505909452666,3.37681775898,-0.272358862302,-0.177585410246,-0.209851988942,-0.138590718071,-0.00929740975685,0.583320965782,-0.246052488376,0.196788436078,0.292193996036,7.28566455445,-0.234845620982,-0.172795537942,-0.34831382614,0.0616217752634,-0.222958612901,2.73035482303,-0.252058742128,-0.186896147141,-0.284192982471,-0.358250527951,-0.325573747767,-0.197225133839,-0.17640030774,-0.116507996364,-0.411418178633,-0.233818175599,-0.381444484896,-0.3621212314,-0.189854423097,-0.0693856131824,-0.253837283237,-0.0122453181207,0.0103902166599,-0.00626398651657,0.0136553620808,-0.22158548213,-0.283308853948
48,-0.231664770565,-0.297913485666,-0.189640776716,-0.369792990745,-0.252425674554,-0.140328322217,-0.245363341859,-0.208418184894,-0.116099245355,-0.339314059486,0.0444410397887,-0.180674908208,-0.290532846179,-0.155439788938,-0.279013760869,-0.201295723223,-0.274169754739,-0.12235781886,-0.395824582133,-0.222224308882,-0.0842018606632,-0.270100389025,-0.235926979849,-0.168803976371,-0.297913485666,-0.276192687298,-0.251111288,-0.207187918442,-0.0820290846607,-0.203378560611,-0.316000479347,-0.287220409652,-0.383716045133,-0.0625357539978,0.13658687048,-0.177599591555,-0.192712861221,-0.294640788677,-0.0961607109148,-0.0847343699941,-0.251111288,-0.0767811457699,0.106555490112,-0.265504637052,-0.246052488376,-0.288434155997,-0.230037111242,-0.339196259552,8.51826884292,-0.243579345161,-0.132213540926,-0.130231546141,0.284676851222,-0.258270823862,-0.0781951203744,0.0761693727353,-0.269369035897,-0.316946442975,-0.141946151256,-0.28880210131,-0.198508357731,-0.270612682439,-0.462332501842,-0.22329914524,-0.430399178837,-0.276815466421,-0.246472090879,-0.285469857542,0.190954232092,-0.225936565675,-0.260164782891,-0.272838169989,-0.257491888508,-0.315294423981,-0.263518121132
49,-0.243132397769,-0.208215364445,-0.258814073814,-0.0597650868983,-0.22598456079,-0.393093410229,0.693704776622,-0.115012297421,-0.158391669869,-0.382156028243,-0.309495610743,-0.166533165236,-0.223110997764,-0.156666066488,0.0899322671657,-0.223421378231,-0.327504085594,-0.181024789567,-0.266332141406,-0.32353477691,-0.154020596322,-0.217177622992,-0.14080847374,-0.196495719857,-0.208215364445,-0.286685843161,-0.174305515906,-0.201266070814,-0.249135694141,-0.218692350243,-0.267854438226,-0.0501581692976,-0.0517594069269,-0.229589823379,-0.333544978587,-0.24791735916,-0.139094686551,-0.21849820143,-0.319169714462,-0.218068114732,-0.174305515906,-0.0714831824299,-0.225556156178,-0.046316370717,-0.0496677042219,-0.288434155997,-0.260854576903,-0.265967845259,-0.221757278582,8.47281576703,0.0528922810701,-0.0866285185489,0.195709811118,-0.195663122804,-0.260229810238,-0.341686686486,-0.200075704233,-0.158219492218,-0.394516304854,-0.341317803035,-0.0287185338023,-0.277546526582,-0.458780339758,-0.215409872471,0.0539026147928,0.0609257255344,-0.255457637538,-0.183114162845,-0.0827636234947,-0.222341431842,-0.232176334662,-0.181108270353,-0.284777146429,-0.211268901376,-0.255345429847
50,-0.0984638699701,-0.0881967515421,-0.0836395107702,0.401051887349,-0.128152439866,0.119291412248,-0.142571098834,-0.282628734024,0.363941573093,0.526025706289,-0.325988220938,-0.125875654192,0.00681479298598,-0.160782855406,-0.152339983889,-0.0407694413086,-0.264536295964,-0.153004743856,-0.2328217731,-0.262366192441,0.0920904468762,-0.217177622992,-0.0134323872975,-0.15526384943,-0.0881967515421,-0.290183561782,-0.236511843718,-0.207187918442,0.329243658879,-0.0196130850254,-0.152684951371,-0.29868881185,0.0635889209378,-0.143467688611,-0.0884626456644,-0.256663350156,-0.138215700081,-0.317018992706,-0.0970373186331,-0.223845124943,-0.236511843718,-0.257353396278,1.33631256797,-0.255349196141,0.0425477596416,-0.0940264179572,-0.0676207381652,-0.314174638367,0.0143599319608,0.180247460934,8.20271419277,-0.298364820535,-0.301528720476,-0.209449792726,0.871180311726,-0.367383483957,-0.257561590078,-0.166988937011,0.50274074507,-0.310502804502,0.163179340117,-0.078371853578,0.0469798808242,0.0133790378354,0.171918394829,-0.162784290787,0.139034032279,-0.113127363053,0.682242690838,-0.258468142549,-0.190617729715,-0.242177070939,-0.192689400946,-0.321312429421,-0.112082959092
51,0.229686693085,-0.108410412663,-0.199397112139,-0.287995800042,-0.458578224861,-0.330544761331,-0.25059006608,0.212336776108,-0.158391669869,-0.387341266525,-0.27982636489,0.0765280420921,-0.332887597107,0.0737865216367,-0.277802399614,-0.228702649403,-0.181338242906,-0.177522283853,-0.103806855121,-0.0840736706625,-0.296712637326,-0.253126804524,-0.358340361624,-0.196495719857,-0.108410412663,0.396243717627,-0.10448208673,-0.0911929649022,0.117979344303,-0.199003192144,-0.111120023784,-0.224856923122,-0.353778311183,-0.145227078494,-0.371990937595,-0.218006069955,-0.141731645961,-0.272829520148,-0.367120156656,-0.168509744658,-0.10448208673,-0.306977652896,0.624031776191,0.06962491302,-0.120536995895,-0.184059509754,-0.0101503292302,-0.0287598156808,-0.0717244677163,-0.0501503274145,-0.382579927142,8.39764859028,-0.182836222266,-0.296427460323,-0.260778028865,-0.226965729639,0.811744835231,-0.219605605771,-0.201655407426,-0.16337203686,-0.237949118914,-0.25561824448,-0.282863741295,0.0554551592709,-0.424279842095,-0.0226391054649,-0.272469109368,-0.179614822856,-0.0459169890888,-0.0920397519632,-0.216909908355,-0.237953779059,-0.33840973153,-0.27574753109,-0.206629779836
52,-0.27665315421,-0.348131800012,-0.219525047381,-0.395142279876,-0.211001262991,-0.200306478695,0.615303913298,-0.0687378210587,-0.158391669869,0.0933558234015,-0.337594131816,0.0455929793412,-0.102097423685,-0.173220813412,-0.267938457964,-0.228702649403,-0.324789201757,-0.117979686717,-0.0418126737551,-0.264103936318,-0.291039865054,-0.29342818721,0.032059072146,-0.148537463789,-0.348131800012,-0.293681280404,-0.105116845177,-0.195065137583,-0.237013971174,-0.27495958872,-0.346135051847,-0.0914638551809,-0.177673993833,-0.168099146972,0.269570675475,-0.270307096109,-0.0318583372128,-0.171253576457,-0.316978195166,-0.163099251711,-0.105116845177,-0.307242551064,-0.317122855556,-0.100478722244,0.659025212507,-0.238079364833,-0.352474069408,-0.289688648217,0.333223575663,0.220545172964,-0.398318226799,-0.195636087529,8.41207763249,-0.0829368216756,-0.227084338003,-0.321913218601,-0.0233949456385,-0.162604214615,-0.313458826225,-0.0566045771546,-0.0835464977792,-0.282920255792,-0.254108143469,-0.201384498659,0.100234735844,-0.294224806213,-0.282588754149,-0.0422657282628,0.0821689305128,-0.253294657278,-0.356004014707,-0.199690754625,-0.354525086989,-0.339280474234,-0.215443466516
53,-0.245778773277,-0.324507083578,-0.0405710030476,-0.370664100337,-0.257713897306,-0.223440910479,-0.198322823864,0.388865334084,-0.107989563954,-0.295962067291,-0.328344308109,-0.2536816563,-0.308684882291,-0.120753652527,0.0933932993236,-0.0320688298228,0.157584352181,-0.319023514692,-0.285600603182,0.120980106821,-0.229075737156,-0.0657210228338,-0.228482922849,-0.102151609559,-0.324507083578,-0.247336508673,-0.2942748624,-0.0371201294177,-0.31719051023,-0.30226188795,-0.324659839261,-0.193513196775,-0.398332703473,-0.198008774981,-0.304987558925,-0.232087115458,-0.100419281872,1.72325588494,-0.161906289791,-0.20891390973,-0.2942748624,-0.195102327032,-0.284684043592,-0.299863878802,-0.199090909556,-0.288434155997,-0.436514131169,2.49559273135,-0.217716582271,-0.171919500724,-0.307848832495,-0.31619845882,-0.0738079868446,7.80709327671,-0.227258375662,-0.146826564643,-0.175943698181,-0.236267550878,-0.289921264373,-0.111290349199,-0.0464049737949,0.334191872922,-0.485336980103,-0.318496369988,-0.483899665787,-0.366473566348,-0.284071805539,-0.210234047765,-0.432543460105,-0.261712531617,-0.301723387838,-0.190399512489,-0.345145779579,-0.332832611263,-0.106474249387
54,0.0523795340149,-0.228429025565,-0.15571334002,-0.298449115148,-0.00211646426167,-0.130046352536,-0.245363341859,-0.32787488869,-0.158391669869,-0.0273497234943,-0.228690547037,-0.0958244503772,-0.325972535731,-0.162447089224,-0.275033573887,-0.228702649403,-0.280650445188,-0.328086248227,-0.331677359603,-0.295209551715,-0.267476041769,-0.25782718177,-0.317811606847,-0.192721955445,-0.228429025565,-0.293681280404,-0.265710732283,-0.207187918442,-0.344377803171,-0.283360296175,0.473386770402,-0.194323112185,-0.187359731287,-0.235307840498,-0.25895470335,-0.205411842921,-0.164233699593,-0.306688168045,-0.192587559933,-0.22353969389,-0.265710732283,-0.220709149842,-0.317294489481,-0.263812063567,-0.246052488376,-0.288434155997,-0.190057696331,-0.351515773346,-0.0734812921995,-0.278962488398,0.72099515488,-0.314951412231,-0.268401581425,-0.264028786006,8.43311661324,-0.304491660993,-0.30987633177,-0.28449949724,-0.108197441247,-0.113894433582,-0.268811956701,-0.301988327185,-0.113713165849,-0.233818175599,-0.294899579536,-0.434369991535,0.22103805033,-0.346183406362,0.0751505239593,-0.280302004117,-0.24065768261,-0.293025505176,0.0434986129318,-0.29380154741,-0.125704111233
55,-0.211375891666,-0.331202858824,-0.087155307319,-0.131196073455,0.308125937227,0.361774530578,-0.210518513715,-0.28057209063,-0.0874101573865,-0.322313278233,-0.219964298257,0.0287996595622,0.0448476305536,0.107947110526,-0.205120724297,-0.218870958424,-0.299216747554,-0.0549345838681,-0.348264991914,-0.157927785434,0.0763812313529,-0.257479005678,-0.0969712491848,-0.114119334661,-0.331202858824,-0.104804474859,0.172272596187,0.0527105488874,-0.293553150443,-0.135122812536,0.0352231587601,0.0559407493438,0.230888022421,0.0729372669855,0.65147288469,0.0830309401166,0.0744990256557,-0.158655009798,-0.221515614638,-0.101314912896,0.172272596187,-0.10238796858,0.258451514384,-0.179183389306,-0.246052488376,-0.0940264179572,-0.363301827613,-0.171084633428,0.223422045462,-0.219838736551,-0.365705163835,-0.140696272763,-0.222958612901,-0.0586074041659,-0.164343761784,8.30175779722,-0.155259121565,-0.115249212732,0.805613783612,0.686427500142,0.218891626093,0.224983827672,-0.0967981083045,-0.161938134813,-0.246819076559,0.176697835148,-0.292795637247,-0.186613502835,-0.264364893067,-0.10957699017,-0.146514720384,-0.148166593688,-0.00254525980972,-0.181178874176,-0.269687701807
56,-0.223725644039,-0.270751378536,-0.153955441746,-0.193044854497,-0.17574644464,-0.159178599967,0.0499465766616,-0.270717341035,-0.0650867333133,-0.158255739142,-0.184186678257,0.0606185812488,-0.268058896707,-0.148958036175,-0.0822540826911,-0.228702649403,-0.230381305761,-0.23618925456,-0.189258294302,-0.318669094055,-0.219475661003,-0.224489320931,-0.358340361624,-0.193586776456,-0.270751378536,0.00712252101895,-0.138759042871,-0.158609580756,-0.267664613534,-0.129872370377,-0.193383942966,-0.276286551624,-0.365225091811,0.207530593027,-0.223151371236,-0.153110816767,-0.200447942157,-0.153143136884,-0.253950100217,-0.182646839132,-0.138759042871,-0.189804363692,-0.321559592536,0.00869226755242,-0.230085551577,-0.176091979507,0.5395666258,-0.321520435412,-0.199445607645,-0.150894607491,-0.329975435403,0.836883605847,0.00469234265898,-0.153492132454,-0.243878972136,-0.227836807519,8.28404813775,-0.140680602632,-0.334227263154,-0.0349038739625,-0.22388839912,-0.140776450864,0.147624473214,-0.265287608089,0.00407372988866,-0.357768896452,1.39003149915,-0.297017679508,-0.363148965308,-0.104315818708,-0.00572434444192,-0.138875351552,-0.339432928702,0.21858863005,-0.262075881493
57,-0.124927625055,-0.205688656805,-0.0212341220293,0.967273122247,0.0948342862035,0.0301810083394,-0.22619868638,-0.265832812974,0.0543784658282,0.283764573434,-0.139682809477,-0.107314616542,0.200436511512,-0.135644165633,-0.0225512779669,-0.103413844007,-0.250523992291,0.011613024695,-0.370884490521,0.0306174252181,-0.207257382263,-0.226317245416,0.300872241585,-0.0733242425234,-0.205688656805,0.329787063824,-0.138759042871,-0.186256498254,0.0236030726273,0.194779969824,0.256036836564,-0.206471843327,-0.167107734792,-0.0220697866911,-0.152397167296,0.132883088792,-0.193943442279,-0.270939735149,0.027440977372,-0.116150135493,-0.138759042871,0.191648996794,-0.135448345169,-0.302233481681,0.0177861999005,-0.288434155997,-0.0676207381652,-0.307364472357,-0.156930455152,-0.0203650620006,-0.152876516405,-0.118022698415,-0.0485134362268,-0.127540753777,-0.128666041604,-0.100659436983,-0.0544218105625,8.34375723479,-0.167906697417,0.320987658388,-0.0490579397937,-0.165911635882,0.582341452109,-0.118108841651,-0.0483777279052,-0.122742809266,-0.110467554558,-0.146371092954,-0.0669722087493,-0.113084437812,0.157117536166,-0.00879796164463,-0.115096948733,0.169584871467,-0.224657775317
58,-0.127574000564,-0.123570658503,0.230145331209,0.00731035169733,-0.258595267765,1.06009163813,0.0464620938472,-0.282714427499,-0.0694467770776,0.122257151532,-0.264468167036,-0.102895321863,0.0145942370339,-0.0838777347772,-0.226752175284,0.190666824215,-0.227753998823,0.288310976089,-0.190933812717,-0.167485376758,-0.366793193244,-0.300095759378,-0.320127535692,-0.196495719857,-0.123570658503,-0.275318257642,0.0580160757164,-0.156080367484,-0.159954446595,-0.00736205331968,-0.098996919905,-0.304471607873,-0.369627699745,-0.129392569548,0.753768119302,-0.138242632074,-0.0687757689523,-0.161017241046,-0.302163524726,0.0514006138342,0.0580160757164,0.0291781210317,-0.255163008367,-0.279045224934,-0.0163676756045,0.0756819763153,-0.206715785877,-0.302849867923,-0.00672196183764,-0.284814417014,0.488536680745,-0.125871243382,-0.225749735728,-0.202150967473,0.0218765337883,0.801777247097,-0.271782236502,-0.193297271391,8.25629053176,-0.080041336602,-0.198508357731,-0.188446629346,-0.172070114378,-0.0383395280959,0.0871218713956,-0.248090055765,-0.0677207791909,-0.0203948533276,-0.0257390702475,-0.0552115517282,0.237690341675,-0.169283053089,-0.155172171305,-0.378569452607,-0.18739991799
59,-0.322435450507,-0.313705408417,-0.100339544377,-0.369444546908,0.192666407128,0.031894669953,-0.13908661602,-0.155288230552,-0.158391669869,-0.299362223541,-0.203384425574,-0.133830384614,-0.308684882291,-0.0173083820691,-0.315700701743,-0.122555189276,-0.155940942499,-0.29433084941,-0.00914006465671,0.0314862971566,-0.0972928735993,-0.242594477731,-0.205323634405,-0.109227417831,-0.313705408417,0.0455974258521,-0.191443993977,-0.199347357296,-0.231818947045,0.0591435473684,0.966970285494,0.00815574018471,0.235290630355,-0.216570338246,0.082029412021,-0.162731406862,-0.229102901078,-0.159442420214,0.0327006236821,-0.0864796902996,-0.191443993977,-0.0635362374197,-0.132015666655,-0.338285296916,-0.246052488376,-0.25600630789,-0.388288961933,-0.219291426536,-0.189870914212,-0.264779445838,-0.353910048666,-0.121510940622,-0.00141323852463,-0.0667172100025,-0.0181521278768,0.644983228627,-0.00788151317657,0.266221635773,-0.114254902018,8.31639474248,0.0871276481489,0.573409495851,0.275333157676,-0.0961941950698,0.176289349645,-0.0896650636623,-0.195088722122,-0.120126043032,-0.415523824213,-0.268464368327,-0.307660331402,-0.262871201152,-0.275397839019,-0.224164627319,-0.22121242507
60,-0.245778773277,-0.376873099418,-0.226205060824,-0.143391607745,-0.216289485744,-0.254286819524,-0.146926702352,-0.285885086065,-0.118540869863,-0.29256191104,-0.308535723377,-0.197468227987,-0.262872600675,-0.0786222595634,0.107237427955,-0.134736045356,-0.176083629029,-0.0628152217243,0.00593960108102,-0.25220039076,-0.193293635131,-0.301836639839,-0.192916872739,0.00529584939138,-0.376873099418,-0.286685843161,-0.152088970259,-0.190093925289,-0.142637699498,-0.0152377165591,0.0499440706137,-0.238544493542,-0.069369838662,-0.195369690157,-0.254692401908,0.011313813952,-0.0784446201222,-0.0720398640148,-0.272358862302,-0.0149215577745,-0.152088970259,-0.10238796858,-0.0393333467598,-0.183414823019,-0.208910148764,-0.243337934796,-0.29583656495,-0.251429288608,-0.15605204291,-0.009852615384,0.0528922810701,-0.252843259729,-0.0877636009786,-0.0618513265006,-0.229172789916,0.111012487951,-0.251528588565,-0.167865881491,-0.289055912834,0.0249900668477,8.53417138859,-0.0359020582029,-0.372513546281,-0.167197649992,-0.196990191655,-0.0809603937665,-0.206429703342,-0.251351292643,-0.164352599679,-0.160434980971,-0.120222541744,-0.2921808468,-0.249817909718,-0.247376934016,-0.19621360467
61,-0.283533730532,-0.358870307483,-0.0950658495538,-0.3036757727,-0.103474067021,-0.276564420501,-0.321934851705,-0.0850195812604,-0.158391669869,-0.248359879782,-0.267958666549,-0.1532752812,-0.335480745123,-0.0981551091081,-0.328593046531,0.263751960697,0.968546427249,-0.331080890612,-0.274709733482,-0.220486565005,-0.0868200632504,0.702007260728,-0.0944898968515,-0.164086770856,-0.358870307483,-0.111799912102,-0.351847453548,-0.155208224976,-0.277448575644,-0.214842025993,-0.273915990165,-0.300932277534,0.233529587181,-0.214371100892,0.0112752080816,-0.20751088076,-0.190779090987,-0.0547168348582,-0.240800984442,-0.0733897880084,-0.351847453548,-0.0449933657295,-0.276016530343,-0.352841428889,-0.0223446038179,-0.218558915726,-0.414692033864,-0.202457308308,-0.234055049964,-0.262852163958,-0.184731936934,-0.276301688574,-0.290992231805,0.292547188557,-0.268766357432,0.120594344635,-0.174219983463,-0.288007275158,-0.283863803602,0.512821874606,-0.0375617537986,8.3653168514,-0.32684289091,-0.0909346798903,-0.443512043286,-0.0853127287144,-0.21602591822,-0.352219767844,-0.393942224061,-0.278741189916,-0.221150582329,-0.247329487033,-0.337216001496,-0.322687973521,-0.128107843964
62,0.0903109163035,0.145523705163,-0.261890395794,0.367949722848,0.253480968783,0.0721657178734,-0.217487479344,-0.215273662874,-0.158391669869,1.66507805024,0.0845817841784,0.0261480827549,1.14261362398,-0.135293800619,1.40685500326,-0.19981661927,-0.0788732722983,-0.0488051988689,0.140818833513,0.0957828206048,0.0851085733103,0.0726789738627,-0.120130537629,-0.0733242425234,0.145523705163,0.490682120399,-0.231433776142,0.466106097592,-0.223160573496,0.651568437708,0.360815091522,-0.188653704318,0.212397069099,-0.0282276512812,-0.147282405566,-0.0289177446281,-0.190163800458,-0.262593184737,0.0861736945012,0.0278387897101,-0.231433776142,-0.193336339252,-0.251558695926,-0.30460308456,-0.246052488376,-0.0940264179572,-0.214211926173,-0.270558968412,-0.208932459855,-0.227109845461,0.167399603514,-0.0813961552379,-0.0389189515097,-0.272219689901,0.146313460269,0.0239046999121,0.342894431936,0.714340264705,-0.044161427384,0.449455821285,-0.157829545748,-0.106973960667,7.94039148399,0.367519726585,0.39396289949,-0.11403813937,-0.0336978355313,0.0819608413691,0.261138297627,-0.26618452736,0.205461219471,-0.223341189154,0.0341193055215,-0.0358870285543,-0.106474249387
63,-0.236957521582,-0.282121562916,-0.243871938481,-0.153844922851,-0.0629310259171,-0.333115253751,-0.146055581648,-0.115012297421,0.26540458402,-0.178656676645,-0.267086041671,-0.198352086923,0.16499682196,-0.0646076589933,0.76656405404,-0.228702649403,0.322228920338,-0.233562375274,-0.342400677461,-0.084942542601,-0.325338318946,-0.260177370394,-0.00433409540881,-0.173259114913,-0.282121562916,-0.209736033495,-0.388028685031,-0.108635815059,-0.321952615681,-0.182376791972,-0.20204330288,-0.116571232875,0.0107576257326,-0.0862875174169,-0.320331844117,-0.238821528524,-0.194295036867,-0.29818413555,-0.24693723847,-0.0524459443425,-0.388028685031,-0.248523457378,0.0250293753894,-0.312981323312,-0.0505215511095,-0.288434155997,-0.140916332169,-0.281271589103,-0.157808867393,-0.171919500724,-0.068502699867,0.0616217752634,-0.1810917705,-0.291034439442,-0.172175456458,-0.240902975725,-0.269799964576,-0.212590049936,-0.108197441247,-0.131254996135,-0.143680393754,-0.0645041652922,0.156927754864,8.43473942599,-0.0186552351554,-0.193250635422,-0.164555311145,-0.27934601256,0.0891873370663,-0.212082147491,0.117255200809,-0.024846470789,-0.155172171305,-0.163124857856,0.101048009704
64,0.339070214103,0.444306883599,-0.101218493514,0.354011969373,0.125682252261,0.195549354055,-0.0850771323964,0.708501994886,-0.158391669869,0.458022581277,-0.224327422647,-0.025115735518,0.112269478969,-0.148695262414,0.455071159827,-0.180501261772,0.0875228338171,0.0597724782605,-0.219417625777,0.653598605115,-0.014383125004,-0.190193975838,-0.0357645582971,0.147685571415,0.444306883599,-0.122293067965,-0.0860740917655,-0.00397871412066,-0.202380476981,-0.00648697962641,-0.210702662794,-0.261870057335,0.069752572045,-0.122355010016,-0.0961347882602,-0.154860014966,-0.117120024802,-0.175978038954,-0.159276466636,-0.190588046522,-0.0860740917655,-0.00702462845887,-0.051347721561,0.244806268739,0.116832438865,-0.288434155997,0.280533333354,-0.233829983187,-0.163079340843,0.300264559807,0.287072669828,-0.214821419669,0.321310338323,-0.257459843278,-0.0320751406299,-0.124178539753,0.194654966188,0.0601396831325,0.216309385762,0.340084277197,0.0305310401727,-0.213581814364,0.379360761575,0.184313281167,8.20923011078,0.0940034711383,-0.0921475079721,0.102956881307,0.271665907458,0.0552730489768,-0.0617012409008,0.158444396807,0.324025170931,0.802335157726,-0.0720207469124
65,-0.24136814743,-0.238535856125,-0.0695763245751,0.0482525025284,0.775252280377,-0.152323953513,-0.0807215288784,-0.244409444288,-0.0459025407504,0.280364417184,-0.0271142002104,0.140165885465,0.0716434933853,0.0746624341724,-0.122921210547,-0.00248675077081,-0.13404671801,0.421406193215,0.265644955453,-0.295209551715,-0.250021357854,-0.0840002676805,-0.16893046685,-0.136569738686,-0.238535856125,0.0228622548143,0.468070032515,0.121609807005,0.207160591849,-0.138623107309,-0.309419365812,-0.0655465620777,-0.138050522429,0.182899134667,-0.209512006621,-0.162731406862,-0.148763537721,-0.168103934792,0.260618630452,-0.0568092451062,0.468070032515,-0.141239699741,-0.0359006682452,-0.312896694638,1.18841028283,-0.180075744631,0.138106667732,-0.249133727031,-0.0453721004682,0.272231368829,-0.0779732302947,0.150571951551,-0.10869702218,-0.182687433465,-0.207853176637,0.263451117018,-0.198351989515,-0.0503553212619,-0.151465018182,0.040614573146,0.111888664138,0.106241746726,-0.146697528061,-0.0269439118737,0.0591477605722,8.20936721496,-0.168044843828,0.403900120415,-0.0310028751626,-0.0859017185907,0.180017175626,0.552899858409,0.212326146317,0.501434885728,0.00810367744716
66,-0.202554639971,-0.245484302135,-0.0695763245751,-0.226147018999,-0.140491626289,-0.261998296786,-0.0632991148064,-0.31793444562,-0.158391669869,-0.0350000750581,-0.237416795817,0.0924375029355,-0.109012485061,-0.141074823354,-0.249248884311,-0.0990635382639,-0.0490971269934,-0.249060963058,-0.278898529521,-0.16053440125,-0.0920564684249,-0.23972202497,-0.259913385737,-0.196495719857,-0.245484302135,-0.149400387279,-0.140663318212,-0.201737027768,-0.267578029799,-0.21387944493,-0.113717831759,-0.214570997421,-0.0746529681825,-0.215250795833,-0.219741530082,-0.0831428888013,-0.211698968972,-0.00825962030187,-0.221515614638,-0.166328094276,-0.140663318212,-0.162431553101,-0.132873836283,-0.192723977188,-0.179281661763,-0.237123261203,-0.202551263491,-0.2521944758,-0.191979103592,-0.222904866815,0.0460046225772,-0.275604040132,-0.272937156019,-0.269462355917,0.270750386749,-0.382017592348,1.3547149714,-0.215220883374,-0.147138260488,-0.239758512096,-0.194086747733,-0.19884739556,-0.239730344556,-0.175086922761,-0.304515680132,-0.343841424619,8.40399219205,-0.25922480762,-0.167861802956,-0.0911628900528,-0.177047572998,0.143240546039,-0.208890022837,-0.130455685468,-0.0600020832584
67,-0.236957521582,-0.230955733205,-0.213108718679,-0.200013731235,-0.0285575780249,-0.311694483581,-0.178287047682,0.00238776298032,-0.158391669869,-0.0035486297402,-0.199021301184,0.132211155044,-0.107283719717,-0.13310401928,-0.148878951731,-0.200077637615,-0.0955128829098,0.0177424096943,0.321774822366,-0.0197771472143,-0.173220748629,-0.151894605683,-0.232618510071,-0.0934160437905,-0.230955733205,-0.259578523847,-0.150819453365,-0.14230051586,-0.324117209068,-0.294858764505,-0.228887318613,0.364518520355,-0.199687033501,-0.207509480349,-0.309249860367,-0.0770206951043,-0.119756984212,-0.302357410756,0.411395158008,-0.0594272255645,-0.150819453365,-0.0555892924096,-0.073660131906,-0.0090797540423,-0.246052488376,-0.127490044997,-0.187558982899,-0.0915051654403,-0.167471402051,-0.0869438905727,-0.140823114042,-0.119766819519,0.0299868932768,-0.142138404283,-0.231696335977,-0.213028483553,-0.249373945168,-0.188035604515,-0.0381039666132,-0.102610067922,-0.17551598574,-0.271046047698,-0.0671967576015,-0.226805488693,-0.0466293459787,0.288117609814,-0.195961105292,8.36489859683,0.55064756796,0.198201540365,-0.259316648097,0.419443834998,0.837329085568,-0.174301153673,-0.0487846638481
68,0.323191961052,-0.0869333977221,-0.22778716927,-0.119000539165,-0.264764860976,-0.161749092388,-0.0301965280696,-0.175854664491,-0.158391669869,0.120557073406,0.118614154422,-0.227607817696,0.0120010890179,-0.155790153953,-0.10042450152,-0.115594700087,-0.0657367376049,0.488829428207,-0.185907257471,-0.18312507165,0.655876737324,-0.0979273113733,-0.115167832962,-0.136395027371,-0.0869333977221,0.0665837375792,-0.295544379294,-0.200978263786,-0.250001531496,-0.0712424329279,0.137403605744,-0.18541404268,-0.101068615785,-0.168978841913,0.13658687048,-0.154860014966,-0.113604078922,-0.0807013785931,-0.00674672364348,-0.0367380615931,-0.295544379294,-0.136824730291,-0.0298934808446,-0.0666272525395,-0.246052488376,-0.193620546051,-0.247528105266,-0.195570623578,0.37538736326,0.0786271436394,0.703776008647,0.0781909257483,0.218387684085,-0.287060634582,0.251606244214,-0.225223573878,-0.249718688112,-0.0433397654273,0.0207399380179,-0.330293845813,-0.0216439578053,-0.247124285405,0.167922542268,0.207104513612,0.185905450241,-0.080089926777,-0.0398045177266,0.613860519793,8.32353282597,0.0465044298733,-0.0320165230817,0.00218259724364,0.59858307876,0.0483650476051,0.0810169036143
69,0.234097318932,-0.253696101966,-0.252749324767,-0.350802801636,-0.406665504839,-0.394807071842,-0.266531574956,-0.302509620165,-0.0415424969861,-0.284061520414,-0.325988220938,-0.258100950979,-0.295719142211,-0.171127382452,0.192897973864,0.0993104036138,-0.034209054341,-0.11622843386,-0.135641705012,-0.325446295175,0.194200347778,-0.134485801067,-0.0820831351851,-0.132900801063,-0.253696101966,-0.23859221212,-0.328551818541,-0.207187918442,-0.326887888604,-0.30226188795,-0.241876358484,-0.277825390902,0.0213238847736,-0.248855142597,-0.304987558925,-0.223690964102,-0.110967119512,-0.0460553202799,-0.182068267313,-0.163186517726,-0.328551818541,-0.113866889151,-0.240145039865,-0.0607032453412,-0.13676008676,-0.288434155997,-0.228371302288,-0.126703776281,-0.204979604767,-0.223255281702,-0.379136097896,-0.129359485589,-0.276949395082,-0.279599613212,-0.262413982864,-0.233063274802,-0.155259121565,-0.252052551505,-0.168772048956,-0.345831549299,-0.181706239738,-0.294118414083,-0.49734667096,-0.256521749457,-0.191745045875,-0.295965740192,-0.125298068461,0.100332376315,-0.116101054624,8.48191600751,-0.375680741947,-0.131273426168,0.167134937886,0.433517395762,-0.163362590682
70,-0.00936922785032,-0.332403044953,0.0358975718885,-0.0850272650706,0.21998889135,0.0841613491689,0.02294183485,-0.29753939863,-0.158391669869,-0.220308590715,0.143047651007,0.290421904541,-0.0346755752696,-0.101483576743,-0.227617433324,-0.228702649403,-0.0350848233205,-0.287238275339,1.30279085453,-0.278092774527,-0.132202241429,-0.0596279412182,-0.187127050628,-0.131415754883,-0.332403044953,-0.01911036864,-0.0537014109656,-0.195065137583,-0.273205972605,0.0958966424855,-0.056566056327,-0.101992755504,-0.115156961173,-0.0915656870656,-0.25895470335,-0.192117936607,-0.173375158881,-0.164954293127,0.187860189829,-0.140322821724,-0.0537014109656,-0.137707724181,-0.185222183631,-0.180029676049,-0.0249061444808,0.39996045739,0.124780196095,0.0462285291537,-0.0726028799579,-0.0659189973394,-0.146849815223,-0.0866285185489,-0.216853031718,-0.164034880041,-0.0573106012448,-0.100659436983,0.113640374442,0.198696910865,0.301113836554,-0.221529921414,0.0314153621724,-0.0714380094351,0.133246674301,0.251810392637,-0.135796824228,0.147972424492,-0.0424216672389,-0.190112842825,-0.0204752653323,-0.213222067975,8.03459351056,1.92124642756,-0.291598460909,0.982875320924,-0.189803650721
71,-0.0746464903935,-0.329876337313,-0.215921355918,-0.247924758803,-0.367003834194,-0.297985190672,-0.154766788684,-0.335073140569,-0.158391669869,-0.358949961833,-0.275114190548,-0.141785115036,-0.289668463507,0.0387500202114,-0.204255466258,-0.128645617316,-0.208487081272,-0.163512260997,-0.350945821379,0.146177393037,-0.259621434007,0.0100072772454,-0.354701044869,-0.173957960174,-0.329876337313,-0.310907544613,-0.352799591219,-0.207187918442,-0.344377803171,-0.30226188795,-0.260061014303,-0.189463619728,-0.458120119214,-0.144347383553,-0.209512006621,-0.206111522201,-0.186559955931,-0.0940873556687,-0.196970598525,-0.117895455798,-0.352799591219,-0.0494083351795,-0.0976888815084,-0.319243845207,-0.200371679888,-0.236326508178,-0.05679297996,-0.0846184807106,-0.219824771651,-0.1465144214,-0.33049200979,-0.24124485439,-0.18894180345,-0.181065472298,-0.243965990966,-0.234805430562,-0.152673549488,-0.105602823459,-0.245788335899,-0.308159128557,-0.282961108695,-0.23039638641,-0.423258718914,-0.027820497737,-0.0405100092361,0.401278318459,0.155609312523,0.379404740488,-0.117855656262,-0.0937934757839,1.80080276855,8.12948549132,-0.0613790972017,1.21499838789,-0.291561669657
72,0.0206230279128,-0.126729043053,-0.106492188337,-0.240084772473,-0.181916037852,-0.389666087001,-0.177415926978,-0.281000558004,-0.140079486059,-0.124254176636,-0.0751085685024,0.156959205245,-0.398667118445,-0.145979933554,-0.163588338402,-0.197467454169,-0.216369002088,-0.229184243132,-0.391091242609,-0.305375353396,-0.208130116458,-0.275758250525,-0.143289826073,0.133708666186,-0.126729043053,-0.229847915567,-0.308239548235,0.148646224747,-0.296064078772,-0.279334957186,-0.266988502234,1.00759135548,-0.157421997337,-0.126753484724,-0.174561134796,-0.12687284378,-0.157553402421,-0.168891345209,0.373701026119,-0.147914965053,-0.308239548235,-0.220709149842,-0.283740057001,-0.316366470282,-0.152983177625,0.0358443250776,0.0681426916376,-0.0188123821824,-0.146389508253,-0.196448542829,-0.224335973268,-0.287115239416,-0.290817786628,-0.275788004469,0.156755719834,-0.0301021286718,-0.300137343613,-0.159973381177,-0.175694861265,-0.264063299671,-0.180821917738,-0.265152280176,-0.112867412972,-0.106713225429,0.182408686388,0.102708141034,-0.151469563584,0.858814319067,0.55064756796,0.269227355104,-0.365333497451,-0.00795330326861,8.15318886561,-0.297240407661,1.50162294751
73,0.197930186983,-0.206952010625,-0.198430268088,-0.301062443924,-0.0805584350926,-0.21230210999,-0.164349116424,-0.307994002549,0.138091306103,-0.0868524578796,-0.0332225743566,-0.193932792244,-0.230890441812,-0.114709856032,0.347779162931,0.226339331307,-0.0604821237276,0.0527674668328,-0.378759427073,-0.115353060448,-0.107765683948,0.33207016264,-0.262394738071,-0.185576262646,-0.206952010625,-0.199242877631,-0.197156820001,-0.189047354279,0.0997967598515,-0.0633667696886,-0.207238918829,-0.302187646419,0.0327706654014,0.316612765767,-0.177118515661,-0.218006069955,-0.201063232686,-0.209049276435,-0.234664730413,-0.20428881092,-0.197156820001,-0.241724404424,-0.262629084136,-0.214727432495,-0.246052488376,-0.288434155997,0.0598136468645,-0.206283244269,-0.17801234895,-0.0939521883171,-0.32678989335,-0.195636087529,-0.247293715048,-0.238158505387,-0.159992820299,-0.186025069261,0.286873703601,0.156603575858,-0.374379574549,-0.185072740052,-0.150754969751,-0.222769157853,-0.157692315465,-0.0883049223006,0.691187826988,0.41868765825,-0.0450388167512,-0.152494937936,0.00935296252009,0.564729818894,0.918742581925,1.27085947803,-0.270281853159,8.19588469824,0.0826193921015
74,-0.331785977304,0.182160965943,-0.221546630396,-0.366047219498,-0.352020536395,-0.38195460974,-0.287961144265,-0.344242342366,-0.158391669869,0.466522971903,-0.303561761572,-0.248555274473,-0.279295871443,-0.173220813412,-0.124651726626,-0.208430224641,-0.312440859145,-0.324539961192,-0.357731670961,0.0306174252181,-0.247403155267,-0.282460640302,-0.332368873869,-0.196495719857,0.182160965943,-0.042719969333,-0.323473750965,-0.197332708103,-0.328446395843,-0.144748623162,-0.334618103162,3.04047903327,-0.407225971499,-0.279292587571,-0.341217121183,-0.269248831198,-0.239272774536,-0.324011197202,-0.24693723847,-0.21223001831,-0.323473750965,-0.25894278528,-0.324314317044,-0.352418285517,-0.246052488376,-0.288434155997,-0.419522879832,-0.356795564972,-0.233352320171,-0.246207456815,-0.212282570906,-0.228774388498,-0.225575290552,-0.113754083855,-0.0868970033451,-0.383498424744,-0.301085386708,-0.350708805429,-0.282998452063,-0.285937608488,-0.202045645729,-0.123441840507,-0.320076867893,0.100161038296,-0.291402815683,-0.168007092724,-0.0659760128494,-0.116626703042,-0.0397758833545,-0.144651466585,-0.337345049221,-0.31540895214,1.53651381979,0.00194043421119,7.71927827781
